index,rate
0,5
1,5
2,5
3,5
4,1
5,5
6,5
7,4
8,5
9,5
10,5
11,5
12,5
13,5
14,4
15,1
16,5
17,5
18,5
19,5
20,4
21,2
22,5
23,3
24,1
25,5
26,5
27,5
28,5
29,1
30,1
31,5
32,4
33,5
34,3
35,5
36,2
37,1
38,5
39,4
40,5
41,5
42,5
43,5
44,1
45,3
46,4
47,5
48,5
49,5
50,3
51,5
52,5
53,5
54,5
55,1
56,5
57,5
58,5
59,5
60,5
61,5
62,5
63,5
64,5
65,5
66,5
67,4
68,3
69,4
70,5
71,5
72,5
73,1
74,1
75,5
76,5
77,5
78,5
79,5
80,5
81,1
82,3
83,5
84,3
85,5
86,5
87,3
88,5
89,5
90,5
91,3
92,3
93,5
94,1
95,5
96,4
97,5
98,5
99,5
100,4
101,5
102,5
103,5
104,5
105,5
106,4
107,5
108,5
109,3
110,5
111,5
112,5
113,5
114,5
115,5
116,4
117,1
118,5
119,3
120,4
121,5
122,4
123,5
124,5
125,5
126,5
127,5
128,5
129,5
130,1
131,4
132,4
133,5
134,5
135,5
136,5
137,1
138,4
139,4
140,5
141,5
142,5
143,4
144,5
145,5
146,5
147,5
148,4
149,5
150,3
151,5
152,5
153,5
154,5
155,5
156,5
157,5
158,5
159,4
160,4
161,5
162,5
163,5
164,5
165,5
166,5
167,1
168,5
169,4
170,5
171,5
172,5
173,5
174,5
175,5
176,4
177,5
178,1
179,4
180,4
181,5
182,4
183,5
184,5
185,3
186,5
187,3
188,2
189,5
190,5
191,5
192,5
193,5
194,5
195,5
196,5
197,5
198,5
199,4
200,5
201,3
202,5
203,5
204,5
205,4
206,1
207,3
208,5
209,4
210,4
211,5
212,5
213,3
214,5
215,3
216,4
217,5
218,5
219,5
220,5
221,5
222,3
223,5
224,1
225,5
226,5
227,5
228,5
229,4
230,5
231,4
232,5
233,5
234,3
235,5
236,4
237,1
238,5
239,4
240,4
241,5
242,5
243,2
244,4
245,5
246,5
247,5
248,5
249,1
250,1
251,4
252,5
253,5
254,5
255,5
256,5
257,4
258,5
259,5
260,5
261,4
262,5
263,1
264,5
265,5
266,5
267,5
268,3
269,5
270,5
271,1
272,5
273,4
274,5
275,5
276,5
277,5
278,5
279,5
280,5
281,3
282,5
283,1
284,5
285,4
286,5
287,5
288,4
289,5
290,4
291,4
292,5
293,3
294,5
295,1
296,5
297,3
298,5
299,3
300,5
301,3
302,5
303,4
304,5
305,5
306,1
307,5
308,5
309,5
310,4
311,5
312,5
313,5
314,4
315,5
316,4
317,1
318,4
319,5
320,4
321,5
322,5
323,1
324,4
325,1
326,1
327,3
328,5
329,5
330,5
331,5
332,4
333,3
334,5
335,5
336,5
337,5
338,4
339,5
340,3
341,5
342,3
343,5
344,5
345,5
346,4
347,4
348,5
349,4
350,5
351,4
352,5
353,5
354,3
355,4
356,5
357,5
358,5
359,5
360,5
361,1
362,5
363,5
364,3
365,5
366,4
367,4
368,5
369,5
370,4
371,1
372,5
373,1
374,4
375,5
376,4
377,3
378,3
379,5
380,1
381,1
382,5
383,4
384,5
385,4
386,5
387,5
388,5
389,5
390,1
391,5
392,5
393,5
394,5
395,3
396,5
397,4
398,5
399,5
400,4
401,5
402,5
403,5
404,4
405,5
406,5
407,5
408,5
409,5
410,5
411,5
412,5
413,4
414,5
415,1
416,5
417,5
418,4
419,5
420,5
421,5
422,2
423,5
424,4
425,5
426,3
427,4
428,3
429,5
430,4
431,5
432,5
433,5
434,5
435,5
436,3
437,1
438,4
439,5
440,5
441,5
442,5
443,5
444,5
445,4
446,5
447,1
448,5
449,5
450,5
451,5
452,5
453,3
454,5
455,3
456,5
457,5
458,5
459,5
460,5
461,2
462,5
463,5
464,4
465,5
466,5
467,5
468,1
469,4
470,5
471,1
472,4
473,5
474,3
475,5
476,5
477,4
478,5
479,5
480,5
481,5
482,5
483,4
484,4
485,5
486,5
487,1
488,5
489,5
490,3
491,4
492,5
493,5
494,4
495,4
496,5
497,5
498,5
499,4
500,5
501,5
502,5
503,3
504,5
505,3
506,3
507,1
508,4
509,5
510,1
511,5
512,4
513,5
514,1
515,1
516,5
517,5
518,4
519,5
520,3
521,5
522,1
523,5
524,3
525,5
526,4
527,4
528,3
529,4
530,5
531,1
532,3
533,4
534,5
535,5
536,4
537,5
538,4
539,3
540,5
541,5
542,4
543,5
544,5
545,4
546,5
547,3
548,4
549,5
550,5
551,5
552,5
553,5
554,1
555,5
556,5
557,5
558,4
559,4
560,5
561,5
562,5
563,5
564,5
565,5
566,5
567,1
568,5
569,1
570,3
571,5
572,5
573,5
574,5
575,5
576,4
577,4
578,5
579,4
580,5
581,5
582,5
583,5
584,5
585,5
586,1
587,5
588,3
589,5
590,5
591,5
592,4
593,5
594,5
595,5
596,5
597,3
598,1
599,5
600,5
601,5
602,4
603,1
604,5
605,5
606,5
607,1
608,4
609,5
610,5
611,5
612,5
613,5
614,5
615,5
616,5
617,5
618,4
619,5
620,4
621,5
622,4
623,5
624,5
625,5
626,3
627,5
628,5
629,4
630,3
631,4
632,4
633,5
634,5
635,5
636,5
637,1
638,5
639,5
640,5
641,5
642,3
643,4
644,5
645,1
646,3
647,5
648,5
649,1
650,5
651,5
652,5
653,5
654,5
655,1
656,5
657,5
658,5
659,5
660,5
661,4
662,5
663,5
664,5
665,4
666,5
667,5
668,5
669,5
670,5
671,5
672,1
673,1
674,5
675,5
676,5
677,4
678,5
679,5
680,5
681,3
682,5
683,5
684,5
685,5
686,3
687,5
688,5
689,3
690,5
691,4
692,4
693,5
694,5
695,5
696,5
697,4
698,3
699,1
700,3
701,5
702,1
703,5
704,5
705,4
706,5
707,5
708,5
709,5
710,5
711,1
712,5
713,5
714,5
715,5
716,5
717,5
718,5
719,4
720,4
721,5
722,5
723,3
724,5
725,5
726,5
727,3
728,5
729,4
730,5
731,3
732,5
733,5
734,5
735,5
736,5
737,1
738,5
739,5
740,5
741,5
742,3
743,5
744,1
745,5
746,5
747,5
748,1
749,5
750,4
751,5
752,5
753,5
754,5
755,1
756,4
757,4
758,5
759,4
760,3
761,4
762,5
763,5
764,5
765,5
766,5
767,5
768,3
769,3
770,5
771,3
772,5
773,5
774,5
775,5
776,5
777,5
778,3
779,5
780,4
781,5
782,5
783,1
784,5
785,4
786,5
787,5
788,5
789,5
790,5
791,3
792,1
793,5
794,5
795,5
796,5
797,5
798,5
799,4
800,5
801,5
802,4
803,5
804,5
805,5
806,4
807,5
808,1
809,5
810,5
811,5
812,5
813,3
814,1
815,3
816,5
817,1
818,5
819,5
820,5
821,5
822,5
823,5
824,5
825,5
826,5
827,5
828,3
829,5
830,5
831,5
832,5
833,5
834,5
835,3
836,5
837,1
838,4
839,5
840,5
841,5
842,5
843,5
844,1
845,5
846,5
847,4
848,5
849,5
850,4
851,5
852,4
853,5
854,4
855,5
856,4
857,5
858,3
859,3
860,3
861,5
862,5
863,5
864,5
865,3
866,3
867,1
868,5
869,5
870,3
871,5
872,5
873,1
874,5
875,1
876,3
877,5
878,5
879,5
880,5
881,5
882,5
883,5
884,5
885,5
886,5
887,5
888,5
889,5
890,4
891,5
892,5
893,5
894,5
895,1
896,4
897,5
898,5
899,5
900,5
901,4
902,5
903,5
904,5
905,1
906,5
907,5
908,5
909,5
910,1
911,5
912,5
913,5
914,3
915,4
916,5
917,1
918,2
919,5
920,5
921,1
922,5
923,5
924,3
925,5
926,5
927,5
928,5
929,5
930,5
931,4
932,1
933,5
934,3
935,5
936,5
937,1
938,5
939,4
940,5
941,3
942,3
943,5
944,5
945,4
946,5
947,5
948,3
949,5
950,5
951,1
952,2
953,5
954,5
955,5
956,5
957,5
958,5
959,4
960,5
961,5
962,5
963,3
964,5
965,5
966,5
967,5
968,5
969,5
970,1
971,5
972,4
973,5
974,5
975,5
976,4
977,1
978,5
979,5
980,4
981,5
982,5
983,5
984,5
985,5
986,5
987,5
988,5
989,5
990,1
991,5
992,4
993,4
994,5
995,5
996,1
997,4
998,3
999,5
1000,5
1001,5
1002,5
1003,5
1004,3
1005,3
1006,5
1007,5
1008,3
1009,3
1010,1
1011,5
1012,5
1013,4
1014,1
1015,5
1016,5
1017,1
1018,5
1019,5
1020,5
1021,5
1022,1
1023,4
1024,1
1025,5
1026,5
1027,1
1028,4
1029,5
1030,5
1031,4
1032,5
1033,4
1034,5
1035,5
1036,5
1037,5
1038,1
1039,4
1040,5
1041,1
1042,5
1043,5
1044,4
1045,4
1046,4
1047,5
1048,5
1049,5
1050,4
1051,1
1052,5
1053,5
1054,5
1055,5
1056,5
1057,5
1058,1
1059,5
1060,5
1061,4
1062,5
1063,1
1064,5
1065,5
1066,5
1067,5
1068,5
1069,5
1070,5
1071,4
1072,1
1073,1
1074,5
1075,5
1076,5
1077,5
1078,3
1079,4
1080,5
1081,3
1082,5
1083,5
1084,2
1085,5
1086,1
1087,5
1088,5
1089,5
1090,5
1091,4
1092,5
1093,5
1094,5
1095,3
1096,5
1097,5
1098,5
1099,5
1100,5
1101,1
1102,5
1103,5
1104,3
1105,5
1106,5
1107,5
1108,4
1109,3
1110,4
1111,4
1112,5
1113,5
1114,5
1115,3
1116,5
1117,4
1118,5
1119,5
1120,4
1121,5
1122,5
1123,5
1124,5
1125,5
1126,1
1127,5
1128,4
1129,4
1130,5
1131,5
1132,5
1133,5
1134,3
1135,1
1136,5
1137,1
1138,5
1139,5
1140,5
1141,1
1142,1
1143,5
1144,3
1145,3
1146,5
1147,5
1148,5
1149,4
1150,5
1151,3
1152,4
1153,5
1154,5
1155,5
1156,3
1157,4
1158,5
1159,5
1160,5
1161,5
1162,5
1163,5
1164,5
1165,5
1166,5
1167,5
1168,4
1169,5
1170,1
1171,3
1172,4
1173,5
1174,5
1175,4
1176,4
1177,1
1178,4
1179,5
1180,5
1181,1
1182,5
1183,5
1184,5
1185,5
1186,5
1187,4
1188,1
1189,5
1190,4
1191,5
1192,5
1193,5
1194,5
1195,3
1196,5
1197,4
1198,5
1199,1
1200,4
1201,3
1202,5
1203,1
1204,5
1205,3
1206,5
1207,1
1208,1
1209,4
1210,1
1211,3
1212,5
1213,5
1214,1
1215,5
1216,5
1217,5
1218,5
1219,5
1220,3
1221,5
1222,5
1223,4
1224,4
1225,5
1226,5
1227,3
1228,3
1229,5
1230,4
1231,1
1232,5
1233,3
1234,5
1235,4
1236,5
1237,3
1238,5
1239,5
1240,4
1241,3
1242,5
1243,5
1244,5
1245,5
1246,4
1247,5
1248,5
1249,3
1250,5
1251,3
1252,5
1253,3
1254,4
1255,5
1256,3
1257,3
1258,5
1259,5
1260,5
1261,1
1262,5
1263,5
1264,5
1265,5
1266,5
1267,4
1268,5
1269,5
1270,5
1271,5
1272,1
1273,4
1274,5
1275,5
1276,5
1277,5
1278,1
1279,3
1280,1
1281,5
1282,5
1283,1
1284,3
1285,5
1286,5
1287,3
1288,1
1289,5
1290,1
1291,4
1292,4
1293,5
1294,4
1295,1
1296,5
1297,5
1298,1
1299,5
1300,5
1301,5
1302,5
1303,5
1304,4
1305,1
1306,5
1307,3
1308,5
1309,1
1310,5
1311,5
1312,4
1313,5
1314,5
1315,5
1316,4
1317,4
1318,1
1319,5
1320,5
1321,3
1322,5
1323,1
1324,5
1325,5
1326,5
1327,5
1328,1
1329,5
1330,5
1331,4
1332,1
1333,3
1334,5
1335,4
1336,5
1337,5
1338,5
1339,5
1340,5
1341,5
1342,3
1343,4
1344,5
1345,4
1346,5
1347,5
1348,5
1349,4
1350,5
1351,4
1352,3
1353,5
1354,5
1355,5
1356,5
1357,5
1358,5
1359,4
1360,1
1361,5
1362,1
1363,5
1364,3
1365,5
1366,5
1367,1
1368,1
1369,4
1370,5
1371,5
1372,4
1373,5
1374,5
1375,3
1376,5
1377,5
1378,3
1379,3
1380,5
1381,4
1382,4
1383,5
1384,4
1385,5
1386,5
1387,1
1388,5
1389,4
1390,5
1391,5
1392,5
1393,5
1394,5
1395,5
1396,5
1397,4
1398,5
1399,5
1400,5
1401,5
1402,4
1403,4
1404,3
1405,5
1406,5
1407,3
1408,1
1409,5
1410,4
1411,4
1412,5
1413,5
1414,5
1415,5
1416,5
1417,5
1418,4
1419,5
1420,4
1421,5
1422,1
1423,5
1424,4
1425,5
1426,3
1427,5
1428,5
1429,5
1430,1
1431,4
1432,3
1433,5
1434,5
1435,4
1436,5
1437,5
1438,5
1439,5
1440,1
1441,5
1442,5
1443,5
1444,5
1445,5
1446,1
1447,1
1448,5
1449,1
1450,4
1451,3
1452,5
1453,5
1454,4
1455,5
1456,4
1457,5
1458,4
1459,5
1460,5
1461,5
1462,5
1463,5
1464,5
1465,4
1466,5
1467,5
1468,5
1469,5
1470,4
1471,5
1472,3
1473,3
1474,5
1475,1
1476,4
1477,1
1478,5
1479,5
1480,5
1481,4
1482,5
1483,4
1484,5
1485,5
1486,4
1487,5
1488,5
1489,5
1490,5
1491,4
1492,5
1493,5
1494,5
1495,3
1496,5
1497,5
1498,5
1499,3
1500,5
1501,5
1502,5
1503,3
1504,5
1505,5
1506,3
1507,5
1508,5
1509,5
1510,4
1511,5
1512,1
1513,5
1514,3
1515,3
1516,5
1517,5
1518,4
1519,3
1520,4
1521,4
1522,5
1523,5
1524,5
1525,4
1526,4
1527,1
1528,5
1529,4
1530,3
1531,3
1532,5
1533,5
1534,5
1535,5
1536,3
1537,5
1538,5
1539,1
1540,5
1541,5
1542,4
1543,5
1544,1
1545,1
1546,5
1547,5
1548,5
1549,5
1550,4
1551,1
1552,3
1553,4
1554,5
1555,5
1556,5
1557,5
1558,4
1559,5
1560,5
1561,5
1562,5
1563,5
1564,5
1565,4
1566,5
1567,2
1568,5
1569,5
1570,5
1571,1
1572,1
1573,1
1574,5
1575,4
1576,5
1577,5
1578,4
1579,5
1580,5
1581,5
1582,5
1583,3
1584,5
1585,4
1586,5
1587,5
1588,4
1589,5
1590,5
1591,4
1592,5
1593,5
1594,4
1595,5
1596,3
1597,5
1598,5
1599,5
1600,5
1601,3
1602,1
1603,5
1604,4
1605,5
1606,5
1607,4
1608,5
1609,5
1610,5
1611,5
1612,3
1613,1
1614,5
1615,4
1616,4
1617,4
1618,5
1619,4
1620,5
1621,3
1622,5
1623,1
1624,5
1625,3
1626,5
1627,5
1628,4
1629,5
1630,1
1631,3
1632,1
1633,5
1634,5
1635,5
1636,4
1637,5
1638,5
1639,4
1640,1
1641,4
1642,5
1643,5
1644,3
1645,5
1646,5
1647,3
1648,5
1649,5
1650,4
1651,5
1652,5
1653,5
1654,5
1655,5
1656,5
1657,5
1658,5
1659,5
1660,5
1661,5
1662,5
1663,1
1664,5
1665,4
1666,4
1667,5
1668,5
1669,5
1670,5
1671,5
1672,4
1673,5
1674,5
1675,5
1676,4
1677,1
1678,4
1679,5
1680,5
1681,5
1682,5
1683,1
1684,3
1685,5
1686,1
1687,5
1688,1
1689,5
1690,5
1691,3
1692,5
1693,5
1694,5
1695,5
1696,5
1697,3
1698,5
1699,3
1700,5
1701,5
1702,5
1703,5
1704,5
1705,2
1706,5
1707,5
1708,4
1709,5
1710,5
1711,5
1712,1
1713,3
1714,5
1715,5
1716,5
1717,5
1718,5
1719,5
1720,1
1721,5
1722,5
1723,5
1724,5
1725,4
1726,5
1727,5
1728,5
1729,5
1730,5
1731,5
1732,5
1733,5
1734,5
1735,4
1736,5
1737,4
1738,3
1739,4
1740,5
1741,5
1742,5
1743,4
1744,5
1745,5
1746,3
1747,3
1748,5
1749,5
1750,5
1751,5
1752,4
1753,5
1754,3
1755,5
1756,5
1757,4
1758,1
1759,5
1760,4
1761,5
1762,5
1763,5
1764,5
1765,5
1766,4
1767,5
1768,5
1769,5
1770,4
1771,4
1772,5
1773,5
1774,5
1775,5
1776,5
1777,5
1778,5
1779,5
1780,3
1781,4
1782,4
1783,5
1784,5
1785,3
1786,5
1787,3
1788,4
1789,5
1790,3
1791,1
1792,5
1793,5
1794,5
1795,5
1796,5
1797,1
1798,5
1799,5
1800,1
1801,5
1802,5
1803,5
1804,1
1805,1
1806,5
1807,5
1808,4
1809,5
1810,5
1811,5
1812,3
1813,5
1814,5
1815,5
1816,1
1817,5
1818,5
1819,5
1820,5
1821,5
1822,5
1823,4
1824,5
1825,2
1826,5
1827,5
1828,5
1829,5
1830,5
1831,5
1832,4
1833,5
1834,5
1835,5
1836,5
1837,5
1838,5
1839,5
1840,5
1841,4
1842,5
1843,4
1844,4
1845,3
1846,4
1847,5
1848,5
1849,5
1850,5
1851,4
1852,3
1853,5
1854,3
1855,5
1856,5
1857,3
1858,5
1859,1
1860,5
1861,1
1862,5
1863,1
1864,5
1865,5
1866,4
1867,5
1868,5
1869,1
1870,4
1871,5
1872,5
1873,5
1874,5
1875,2
1876,5
1877,5
1878,5
1879,5
1880,5
1881,5
1882,5
1883,3
1884,5
1885,5
1886,5
1887,5
1888,5
1889,5
1890,5
1891,4
1892,5
1893,5
1894,5
1895,1
1896,1
1897,5
1898,4
1899,5
1900,5
1901,5
1902,5
1903,3
1904,1
1905,4
1906,1
1907,3
1908,4
1909,5
1910,5
1911,5
1912,1
1913,5
1914,5
1915,3
1916,5
1917,5
1918,5
1919,5
1920,5
1921,3
1922,1
1923,5
1924,5
1925,4
1926,4
1927,5
1928,4
1929,5
1930,5
1931,4
1932,5
1933,3
1934,5
1935,5
1936,5
1937,5
1938,2
1939,5
1940,5
1941,5
1942,5
1943,5
1944,5
1945,5
1946,5
1947,5
1948,5
1949,5
1950,5
1951,5
1952,4
1953,5
1954,5
1955,5
1956,5
1957,1
1958,5
1959,5
1960,5
1961,4
1962,5
1963,5
1964,2
1965,1
1966,5
1967,5
1968,5
1969,5
1970,5
1971,5
1972,3
1973,5
1974,5
1975,4
1976,5
1977,5
1978,5
1979,5
1980,5
1981,5
1982,5
1983,5
1984,1
1985,4
1986,5
1987,5
1988,5
1989,5
1990,4
1991,4
1992,5
1993,5
1994,5
1995,1
1996,5
1997,5
1998,5
1999,5
2000,4
2001,5
2002,5
2003,5
2004,5
2005,1
2006,1
2007,5
2008,5
2009,4
2010,2
2011,5
2012,5
2013,5
2014,3
2015,5
2016,4
2017,4
2018,5
2019,5
2020,5
2021,3
2022,4
2023,5
2024,5
2025,5
2026,1
2027,5
2028,5
2029,5
2030,5
2031,5
2032,5
2033,4
2034,5
2035,4
2036,5
2037,5
2038,5
2039,5
2040,3
2041,5
2042,3
2043,5
2044,1
2045,5
2046,5
2047,3
2048,5
2049,5
2050,5
2051,5
2052,5
2053,5
2054,5
2055,5
2056,3
2057,4
2058,3
2059,5
2060,5
2061,5
2062,5
2063,5
2064,4
2065,3
2066,5
2067,5
2068,5
2069,5
2070,5
2071,5
2072,3
2073,5
2074,1
2075,5
2076,3
2077,5
2078,1
2079,5
2080,3
2081,5
2082,5
2083,4
2084,5
2085,5
2086,5
2087,3
2088,5
2089,5
2090,5
2091,5
2092,5
2093,3
2094,5
2095,5
2096,4
2097,5
2098,5
2099,5
2100,3
2101,5
2102,5
2103,3
2104,4
2105,1
2106,5
2107,4
2108,4
2109,5
2110,5
2111,1
2112,5
2113,1
2114,3
2115,5
2116,3
2117,3
2118,5
2119,4
2120,5
2121,5
2122,5
2123,5
2124,3
2125,5
2126,5
2127,5
2128,1
2129,5
2130,5
2131,5
2132,5
2133,5
2134,5
2135,5
2136,5
2137,5
2138,5
2139,4
2140,4
2141,5
2142,5
2143,5
2144,4
2145,3
2146,3
2147,5
2148,5
2149,4
2150,5
2151,1
2152,5
2153,5
2154,5
2155,3
2156,5
2157,4
2158,5
2159,5
2160,5
2161,5
2162,5
2163,5
2164,3
2165,3
2166,1
2167,5
2168,5
2169,5
2170,5
2171,5
2172,5
2173,3
2174,4
2175,5
2176,5
2177,5
2178,5
2179,5
2180,3
2181,5
2182,5
2183,4
2184,4
2185,1
2186,5
2187,5
2188,5
2189,3
2190,1
2191,5
2192,5
2193,4
2194,5
2195,3
2196,5
2197,5
2198,5
2199,1
2200,5
2201,5
2202,3
2203,5
2204,4
2205,5
2206,5
2207,4
2208,5
2209,5
2210,5
2211,1
2212,4
2213,5
2214,5
2215,5
2216,1
2217,4
2218,4
2219,1
2220,5
2221,1
2222,5
2223,4
2224,5
2225,1
2226,5
2227,5
2228,4
2229,4
2230,5
2231,3
2232,1
2233,1
2234,5
2235,5
2236,4
2237,5
2238,5
2239,5
2240,3
2241,5
2242,1
2243,3
2244,5
2245,1
2246,1
2247,5
2248,5
2249,5
2250,5
2251,5
2252,5
2253,5
2254,5
2255,5
2256,5
2257,5
2258,1
2259,3
2260,5
2261,4
2262,5
2263,5
2264,1
2265,5
2266,5
2267,5
2268,5
2269,3
2270,5
2271,5
2272,5
2273,4
2274,3
2275,5
2276,5
2277,5
2278,5
2279,1
2280,5
2281,4
2282,5
2283,5
2284,5
2285,5
2286,3
2287,5
2288,5
2289,5
2290,4
2291,5
2292,5
2293,5
2294,5
2295,5
2296,5
2297,3
2298,5
2299,5
2300,5
2301,5
2302,5
2303,5
2304,3
2305,5
2306,5
2307,3
2308,5
2309,5
2310,4
2311,5
2312,3
2313,5
2314,5
2315,5
2316,5
2317,4
2318,5
2319,5
2320,4
2321,3
2322,1
2323,5
2324,5
2325,5
2326,4
2327,5
2328,4
2329,5
2330,5
2331,5
2332,5
2333,4
2334,5
2335,5
2336,5
2337,5
2338,3
2339,5
2340,5
2341,4
2342,5
2343,5
2344,5
2345,4
2346,5
2347,5
2348,3
2349,5
2350,1
2351,3
2352,5
2353,5
2354,1
2355,5
2356,4
2357,4
2358,5
2359,5
2360,5
2361,5
2362,5
2363,5
2364,5
2365,5
2366,5
2367,3
2368,5
2369,1
2370,5
2371,5
2372,5
2373,5
2374,5
2375,1
2376,1
2377,5
2378,5
2379,1
2380,4
2381,5
2382,5
2383,1
2384,1
2385,5
2386,4
2387,5
2388,5
2389,5
2390,5
2391,1
2392,5
2393,5
2394,4
2395,5
2396,5
2397,5
2398,4
2399,5
2400,4
2401,4
2402,5
2403,3
2404,5
2405,5
2406,5
2407,5
2408,5
2409,5
2410,5
2411,5
2412,5
2413,5
2414,5
2415,5
2416,5
2417,5
2418,3
2419,4
2420,5
2421,2
2422,4
2423,4
2424,5
2425,5
2426,4
2427,5
2428,3
2429,1
2430,5
2431,1
2432,5
2433,5
2434,3
2435,5
2436,5
2437,5
2438,4
2439,5
2440,5
2441,5
2442,5
2443,5
2444,5
2445,3
2446,3
2447,3
2448,5
2449,5
2450,4
2451,5
2452,3
2453,5
2454,5
2455,4
2456,4
2457,5
2458,1
2459,1
2460,5
2461,1
2462,5
2463,3
2464,5
2465,3
2466,5
2467,4
2468,3
2469,5
2470,5
2471,1
2472,2
2473,1
2474,5
2475,5
2476,5
2477,5
2478,5
2479,4
2480,1
2481,5
2482,5
2483,3
2484,1
2485,4
2486,5
2487,5
2488,1
2489,4
2490,4
2491,5
2492,4
2493,5
2494,5
2495,3
2496,5
2497,3
2498,5
2499,5
2500,5
2501,3
2502,5
2503,5
2504,5
2505,5
2506,5
2507,2
2508,3
2509,5
2510,5
2511,5
2512,5
2513,5
2514,3
2515,1
2516,1
2517,5
2518,5
2519,5
2520,5
2521,5
2522,5
2523,3
2524,5
2525,5
2526,5
2527,5
2528,4
2529,5
2530,1
2531,4
2532,5
2533,4
2534,5
2535,5
2536,5
2537,5
2538,5
2539,5
2540,5
2541,5
2542,3
2543,4
2544,5
2545,1
2546,5
2547,5
2548,3
2549,5
2550,5
2551,4
2552,5
2553,5
2554,5
2555,4
2556,5
2557,4
2558,5
2559,4
2560,1
2561,4
2562,5
2563,5
2564,5
2565,5
2566,5
2567,5
2568,5
2569,5
2570,5
2571,4
2572,5
2573,5
2574,5
2575,5
2576,4
2577,4
2578,5
2579,5
2580,5
2581,5
2582,4
2583,5
2584,5
2585,5
2586,5
2587,5
2588,5
2589,5
2590,5
2591,5
2592,5
2593,4
2594,5
2595,5
2596,5
2597,5
2598,5
2599,1
2600,5
2601,5
2602,5
2603,4
2604,5
2605,3
2606,5
2607,5
2608,4
2609,5
2610,5
2611,3
2612,5
2613,5
2614,5
2615,5
2616,5
2617,1
2618,4
2619,5
2620,5
2621,5
2622,5
2623,5
2624,5
2625,3
2626,5
2627,5
2628,5
2629,5
2630,4
2631,4
2632,3
2633,5
2634,5
2635,5
2636,5
2637,5
2638,5
2639,5
2640,4
2641,5
2642,5
2643,5
2644,3
2645,3
2646,1
2647,5
2648,5
2649,5
2650,5
2651,5
2652,5
2653,4
2654,5
2655,5
2656,5
2657,1
2658,5
2659,5
2660,5
2661,5
2662,5
2663,4
2664,1
2665,5
2666,5
2667,1
2668,5
2669,4
2670,5
2671,5
2672,5
2673,3
2674,5
2675,3
2676,5
2677,5
2678,1
2679,5
2680,5
2681,5
2682,5
2683,5
2684,5
2685,5
2686,5
2687,5
2688,5
2689,4
2690,5
2691,4
2692,5
2693,3
2694,5
2695,3
2696,5
2697,3
2698,3
2699,5
2700,5
2701,5
2702,5
2703,3
2704,4
2705,4
2706,4
2707,5
2708,2
2709,4
2710,5
2711,5
2712,5
2713,5
2714,5
2715,4
2716,5
2717,5
2718,5
2719,5
2720,5
2721,4
2722,5
2723,4
2724,5
2725,3
2726,5
2727,5
2728,5
2729,5
2730,5
2731,3
2732,1
2733,5
2734,5
2735,4
2736,5
2737,5
2738,1
2739,5
2740,5
2741,1
2742,5
2743,5
2744,1
2745,1
2746,5
2747,5
2748,5
2749,5
2750,1
2751,5
2752,5
2753,5
2754,5
2755,5
2756,5
2757,5
2758,5
2759,5
2760,3
2761,5
2762,1
2763,1
2764,4
2765,5
2766,5
2767,1
2768,5
2769,4
2770,5
2771,5
2772,4
2773,5
2774,5
2775,5
2776,5
2777,5
2778,5
2779,4
2780,4
2781,4
2782,4
2783,5
2784,4
2785,4
2786,3
2787,4
2788,1
2789,5
2790,5
2791,5
2792,5
2793,5
2794,5
2795,5
2796,5
2797,5
2798,5
2799,4
2800,5
2801,5
2802,5
2803,5
2804,1
2805,5
2806,4
2807,5
2808,5
2809,1
2810,5
2811,5
2812,5
2813,3
2814,4
2815,5
2816,5
2817,5
2818,5
2819,1
2820,5
2821,5
2822,5
2823,3
2824,4
2825,5
2826,5
2827,5
2828,5
2829,5
2830,5
2831,4
2832,5
2833,5
2834,4
2835,5
2836,5
2837,5
2838,4
2839,3
2840,5
2841,3
2842,5
2843,5
2844,1
2845,5
2846,5
2847,5
2848,4
2849,5
2850,5
2851,5
2852,3
2853,5
2854,5
2855,4
2856,5
2857,5
2858,5
2859,5
2860,5
2861,5
2862,5
2863,4
2864,5
2865,5
2866,5
2867,5
2868,4
2869,5
2870,3
2871,5
2872,5
2873,5
2874,3
2875,5
2876,5
2877,5
2878,3
2879,5
2880,5
2881,5
2882,5
2883,5
2884,1
2885,5
2886,5
2887,4
2888,1
2889,5
2890,5
2891,5
2892,5
2893,5
2894,5
2895,4
2896,4
2897,5
2898,1
2899,5
2900,1
2901,3
2902,4
2903,4
2904,5
2905,1
2906,5
2907,5
2908,5
2909,3
2910,3
2911,3
2912,4
2913,5
2914,5
2915,1
2916,5
2917,5
2918,5
2919,5
2920,5
2921,5
2922,5
2923,5
2924,5
2925,5
2926,3
2927,5
2928,4
2929,5
2930,5
2931,5
2932,5
2933,5
2934,5
2935,5
2936,5
2937,5
2938,5
2939,4
2940,5
2941,5
2942,5
2943,5
2944,5
2945,5
2946,5
2947,5
2948,3
2949,5
2950,5
2951,5
2952,4
2953,5
2954,4
2955,5
2956,5
2957,5
2958,1
2959,5
2960,5
2961,5
2962,5
2963,5
2964,5
2965,5
2966,5
2967,5
2968,4
2969,5
2970,3
2971,5
2972,5
2973,3
2974,5
2975,5
2976,5
2977,5
2978,5
2979,1
2980,4
2981,4
2982,5
2983,4
2984,3
2985,5
2986,5
2987,5
2988,5
2989,5
2990,3
2991,5
2992,5
2993,2
2994,4
2995,5
2996,4
2997,5
2998,4
2999,5
3000,5
3001,5
3002,5
3003,5
3004,5
3005,5
3006,5
3007,5
3008,5
3009,5
3010,5
3011,1
3012,5
3013,4
3014,5
3015,5
3016,3
3017,5
3018,5
3019,1
3020,5
3021,5
3022,5
3023,5
3024,5
3025,5
3026,5
3027,5
3028,2
3029,5
3030,5
3031,4
3032,1
3033,4
3034,4
3035,5
3036,3
3037,5
3038,4
3039,5
3040,3
3041,5
3042,5
3043,5
3044,5
3045,4
3046,4
3047,5
3048,5
3049,4
3050,4
3051,5
3052,3
3053,5
3054,3
3055,3
3056,5
3057,5
3058,5
3059,4
3060,5
3061,5
3062,4
3063,4
3064,4
3065,5
3066,5
3067,5
3068,5
3069,3
3070,4
3071,5
3072,4
3073,5
3074,5
3075,4
3076,5
3077,5
3078,5
3079,5
3080,5
3081,5
3082,5
3083,5
3084,5
3085,5
3086,5
3087,4
3088,4
3089,5
3090,5
3091,5
3092,5
3093,1
3094,5
3095,1
3096,3
3097,5
3098,5
3099,5
3100,4
3101,4
3102,5
3103,3
3104,3
3105,5
3106,5
3107,3
3108,5
3109,1
3110,5
3111,5
3112,5
3113,5
3114,3
3115,5
3116,5
3117,5
3118,4
3119,4
3120,5
3121,5
3122,5
3123,5
3124,4
3125,1
3126,5
3127,5
3128,5
3129,1
3130,5
3131,5
3132,5
3133,4
3134,5
3135,3
3136,5
3137,1
3138,3
3139,5
3140,5
3141,4
3142,5
3143,3
3144,5
3145,4
3146,5
3147,5
3148,1
3149,1
3150,3
3151,5
3152,5
3153,1
3154,1
3155,5
3156,5
3157,4
3158,5
3159,4
3160,5
3161,1
3162,3
3163,1
3164,3
3165,2
3166,5
3167,5
3168,3
3169,5
3170,5
3171,5
3172,5
3173,4
3174,5
3175,5
3176,5
3177,3
3178,3
3179,5
3180,5
3181,5
3182,5
3183,5
3184,5
3185,5
3186,5
3187,4
3188,4
3189,5
3190,4
3191,5
3192,4
3193,5
3194,5
3195,3
3196,3
3197,5
3198,5
3199,5
3200,5
3201,5
3202,4
3203,3
3204,3
3205,5
3206,5
3207,3
3208,5
3209,1
3210,5
3211,3
3212,5
3213,5
3214,5
3215,5
3216,5
3217,4
3218,5
3219,3
3220,3
3221,4
3222,5
3223,4
3224,5
3225,1
3226,5
3227,5
3228,5
3229,5
3230,5
3231,5
3232,5
3233,4
3234,1
3235,3
3236,5
3237,3
3238,5
3239,5
3240,5
3241,1
3242,5
3243,5
3244,5
3245,5
3246,5
3247,5
3248,3
3249,5
3250,5
3251,4
3252,1
3253,4
3254,5
3255,5
3256,5
3257,3
3258,3
3259,1
3260,5
3261,5
3262,1
3263,4
3264,5
3265,5
3266,5
3267,1
3268,5
3269,4
3270,5
3271,5
3272,2
3273,5
3274,5
3275,5
3276,5
3277,5
3278,5
3279,5
3280,1
3281,5
3282,5
3283,3
3284,5
3285,5
3286,5
3287,1
3288,1
3289,5
3290,3
3291,3
3292,5
3293,5
3294,3
3295,5
3296,5
3297,5
3298,5
3299,5
3300,5
3301,5
3302,4
3303,1
3304,4
3305,5
3306,5
3307,1
3308,5
3309,5
3310,5
3311,5
3312,1
3313,1
3314,5
3315,3
3316,4
3317,5
3318,4
3319,5
3320,5
3321,5
3322,5
3323,1
3324,3
3325,5
3326,5
3327,5
3328,3
3329,5
3330,4
3331,4
3332,5
3333,3
3334,5
3335,5
3336,5
3337,3
3338,5
3339,5
3340,4
3341,4
3342,5
3343,5
3344,3
3345,5
3346,5
3347,1
3348,4
3349,5
3350,5
3351,5
3352,5
3353,5
3354,3
3355,4
3356,5
3357,5
3358,5
3359,3
3360,5
3361,5
3362,5
3363,5
3364,5
3365,5
3366,4
3367,5
3368,5
3369,5
3370,1
3371,5
3372,5
3373,5
3374,5
3375,4
3376,2
3377,5
3378,4
3379,1
3380,5
3381,5
3382,5
3383,5
3384,4
3385,5
3386,5
3387,1
3388,5
3389,3
3390,4
3391,5
3392,5
3393,5
3394,4
3395,5
3396,5
3397,3
3398,3
3399,5
3400,5
3401,5
3402,5
3403,1
3404,5
3405,5
3406,3
3407,5
3408,1
3409,5
3410,5
3411,5
3412,5
3413,5
3414,5
3415,5
3416,3
3417,4
3418,5
3419,3
3420,5
3421,4
3422,1
3423,2
3424,5
3425,5
3426,5
3427,5
3428,1
3429,5
3430,3
3431,5
3432,1
3433,4
3434,3
3435,3
3436,5
3437,5
3438,5
3439,5
3440,1
3441,5
3442,5
3443,5
3444,5
3445,3
3446,3
3447,5
3448,5
3449,5
3450,4
3451,5
3452,5
3453,4
3454,1
3455,2
3456,5
3457,5
3458,5
3459,5
3460,5
3461,5
3462,2
3463,5
3464,4
3465,5
3466,5
3467,5
3468,1
3469,5
3470,3
3471,5
3472,5
3473,5
3474,5
3475,5
3476,4
3477,5
3478,3
3479,5
3480,4
3481,4
3482,3
3483,5
3484,1
3485,4
3486,1
3487,5
3488,5
3489,3
3490,5
3491,5
3492,4
3493,5
3494,5
3495,5
3496,5
3497,3
3498,5
3499,5
3500,4
3501,1
3502,5
3503,5
3504,5
3505,5
3506,5
3507,5
3508,5
3509,5
3510,5
3511,5
3512,3
3513,5
3514,5
3515,5
3516,5
3517,5
3518,5
3519,5
3520,5
3521,5
3522,5
3523,1
3524,4
3525,5
3526,3
3527,4
3528,3
3529,5
3530,5
3531,5
3532,4
3533,1
3534,5
3535,5
3536,3
3537,5
3538,5
3539,5
3540,5
3541,5
3542,5
3543,5
3544,1
3545,1
3546,5
3547,5
3548,5
3549,4
3550,5
3551,5
3552,3
3553,5
3554,4
3555,5
3556,5
3557,3
3558,5
3559,5
3560,5
3561,5
3562,5
3563,3
3564,5
3565,5
3566,5
3567,5
3568,5
3569,3
3570,4
3571,5
3572,5
3573,5
3574,5
3575,5
3576,5
3577,5
3578,5
3579,5
3580,5
3581,3
3582,3
3583,4
3584,5
3585,5
3586,5
3587,5
3588,5
3589,3
3590,3
3591,5
3592,1
3593,1
3594,4
3595,5
3596,4
3597,4
3598,5
3599,5
3600,5
3601,4
3602,5
3603,4
3604,1
3605,5
3606,5
3607,1
3608,5
3609,5
3610,4
3611,4
3612,5
3613,5
3614,5
3615,5
3616,5
3617,1
3618,5
3619,5
3620,1
3621,5
3622,5
3623,5
3624,5
3625,5
3626,5
3627,5
3628,5
3629,5
3630,5
3631,3
3632,5
3633,5
3634,4
3635,5
3636,5
3637,5
3638,5
3639,5
3640,5
3641,5
3642,4
3643,3
3644,5
3645,5
3646,3
3647,5
3648,5
3649,1
3650,5
3651,5
3652,5
3653,5
3654,5
3655,5
3656,4
3657,5
3658,5
3659,3
3660,5
3661,4
3662,1
3663,4
3664,5
3665,5
3666,3
3667,4
3668,5
3669,5
3670,4
3671,5
3672,1
3673,5
3674,4
3675,5
3676,3
3677,5
3678,5
3679,3
3680,3
3681,5
3682,5
3683,2
3684,5
3685,4
3686,5
3687,5
3688,5
3689,5
3690,5
3691,5
3692,3
3693,5
3694,5
3695,5
3696,4
3697,5
3698,4
3699,5
3700,5
3701,5
3702,5
3703,5
3704,1
3705,5
3706,5
3707,5
3708,5
3709,4
3710,5
3711,5
3712,5
3713,5
3714,5
3715,4
3716,5
3717,4
3718,3
3719,5
3720,5
3721,3
3722,5
3723,5
3724,5
3725,4
3726,4
3727,5
3728,5
3729,4
3730,5
3731,5
3732,4
3733,5
3734,5
3735,5
3736,5
3737,5
3738,5
3739,5
3740,5
3741,4
3742,5
3743,5
3744,5
3745,5
3746,5
3747,5
3748,5
3749,5
3750,5
3751,4
3752,4
3753,5
3754,4
3755,4
3756,5
3757,4
3758,5
3759,4
3760,5
3761,5
3762,5
3763,5
3764,5
3765,3
3766,5
3767,5
3768,4
3769,1
3770,5
3771,5
3772,3
3773,5
3774,5
3775,1
3776,2
3777,4
3778,3
3779,4
3780,5
3781,5
3782,5
3783,5
3784,5
3785,5
3786,5
3787,1
3788,4
3789,5
3790,4
3791,5
3792,5
3793,5
3794,5
3795,5
3796,5
3797,5
3798,5
3799,5
3800,3
3801,5
3802,4
3803,4
3804,5
3805,5
3806,5
3807,5
3808,5
3809,5
3810,2
3811,5
3812,5
3813,5
3814,1
3815,4
3816,5
3817,5
3818,5
3819,5
3820,5
3821,5
3822,5
3823,5
3824,3
3825,5
3826,4
3827,1
3828,5
3829,3
3830,5
3831,5
3832,1
3833,5
3834,5
3835,5
3836,3
3837,5
3838,5
3839,5
3840,5
3841,5
3842,5
3843,5
3844,5
3845,5
3846,5
3847,5
3848,5
3849,5
3850,1
3851,4
3852,4
3853,5
3854,1
3855,4
3856,5
3857,3
3858,5
3859,5
3860,5
3861,5
3862,5
3863,5
3864,5
3865,3
3866,5
3867,3
3868,5
3869,5
3870,4
3871,5
3872,5
3873,1
3874,5
3875,4
3876,5
3877,1
3878,5
3879,5
3880,5
3881,1
3882,5
3883,5
3884,4
3885,5
3886,1
3887,5
3888,5
3889,5
3890,5
3891,5
3892,1
3893,4
3894,1
3895,3
3896,5
3897,3
3898,1
3899,5
3900,5
3901,3
3902,5
3903,5
3904,1
3905,4
3906,5
3907,5
3908,4
3909,5
3910,5
3911,5
3912,5
3913,5
3914,5
3915,5
3916,3
3917,5
3918,3
3919,5
3920,5
3921,5
3922,5
3923,1
3924,5
3925,5
3926,5
3927,5
3928,5
3929,5
3930,5
3931,5
3932,5
3933,5
3934,5
3935,3
3936,4
3937,5
3938,3
3939,1
3940,1
3941,3
3942,5
3943,5
3944,5
3945,3
3946,5
3947,5
3948,4
3949,3
3950,3
3951,5
3952,5
3953,5
3954,5
3955,4
3956,5
3957,4
3958,4
3959,3
3960,5
3961,5
3962,5
3963,3
3964,5
3965,4
3966,5
3967,5
3968,5
3969,4
3970,5
3971,2
3972,4
3973,5
3974,5
3975,1
3976,5
3977,5
3978,3
3979,5
3980,4
3981,5
3982,5
3983,5
3984,2
3985,1
3986,5
3987,5
3988,5
3989,4
3990,5
3991,4
3992,5
3993,4
3994,4
3995,3
3996,3
3997,5
3998,5
3999,5
4000,4
4001,5
4002,3
4003,5
4004,1
4005,5
4006,4
4007,4
4008,5
4009,3
4010,5
4011,5
4012,5
4013,5
4014,5
4015,5
4016,5
4017,5
4018,5
4019,5
4020,5
4021,5
4022,5
4023,5
4024,5
4025,5
4026,5
4027,3
4028,5
4029,5
4030,5
4031,4
4032,4
4033,5
4034,5
4035,5
4036,1
4037,5
4038,2
4039,3
4040,5
4041,4
4042,5
4043,5
4044,5
4045,1
4046,5
4047,5
4048,5
4049,5
4050,5
4051,5
4052,4
4053,5
4054,5
4055,4
4056,5
4057,1
4058,4
4059,5
4060,5
4061,5
4062,4
4063,5
4064,5
4065,3
4066,5
4067,5
4068,5
4069,5
4070,4
4071,5
4072,5
4073,5
4074,5
4075,5
4076,5
4077,4
4078,1
4079,5
4080,4
4081,5
4082,5
4083,5
4084,5
4085,5
4086,4
4087,5
4088,5
4089,5
4090,5
4091,5
4092,5
4093,5
4094,5
4095,5
4096,1
4097,5
4098,5
4099,5
4100,1
4101,5
4102,5
4103,5
4104,5
4105,5
4106,4
4107,5
4108,5
4109,5
4110,4
4111,5
4112,5
4113,5
4114,4
4115,4
4116,5
4117,5
4118,4
4119,5
4120,5
4121,5
4122,4
4123,4
4124,5
4125,4
4126,5
4127,5
4128,1
4129,5
4130,1
4131,5
4132,5
4133,1
4134,5
4135,5
4136,4
4137,5
4138,5
4139,5
4140,5
4141,5
4142,5
4143,4
4144,5
4145,5
4146,5
4147,5
4148,4
4149,5
4150,5
4151,5
4152,5
4153,5
4154,5
4155,5
4156,5
4157,5
4158,3
4159,5
4160,5
4161,4
4162,5
4163,1
4164,5
4165,5
4166,5
4167,5
4168,4
4169,3
4170,5
4171,5
4172,4
4173,4
4174,5
4175,5
4176,5
4177,3
4178,5
4179,4
4180,1
4181,4
4182,5
4183,5
4184,4
4185,5
4186,4
4187,5
4188,5
4189,5
4190,5
4191,5
4192,5
4193,4
4194,5
4195,5
4196,4
4197,5
4198,5
4199,5
4200,1
4201,4
4202,5
4203,4
4204,5
4205,3
4206,1
4207,5
4208,1
4209,5
4210,5
4211,5
4212,1
4213,3
4214,5
4215,5
4216,5
4217,5
4218,5
4219,5
4220,5
4221,5
4222,5
4223,4
4224,5
4225,3
4226,1
4227,4
4228,5
4229,5
4230,3
4231,5
4232,5
4233,5
4234,5
4235,5
4236,5
4237,3
4238,4
4239,5
4240,5
4241,5
4242,4
4243,5
4244,5
4245,5
4246,4
4247,5
4248,3
4249,5
4250,5
4251,5
4252,5
4253,5
4254,3
4255,5
4256,5
4257,5
4258,1
4259,5
4260,1
4261,4
4262,5
4263,5
4264,5
4265,5
4266,5
4267,5
4268,5
4269,5
4270,4
4271,5
4272,5
4273,5
4274,5
4275,5
4276,1
4277,5
4278,5
4279,5
4280,5
4281,4
4282,5
4283,5
4284,1
4285,5
4286,5
4287,4
4288,1
4289,5
4290,1
4291,3
4292,5
4293,5
4294,5
4295,5
4296,5
4297,5
4298,5
4299,3
4300,4
4301,4
4302,4
4303,1
4304,5
4305,1
4306,5
4307,5
4308,4
4309,5
4310,4
4311,1
4312,1
4313,3
4314,5
4315,3
4316,5
4317,5
4318,5
4319,3
4320,1
4321,3
4322,5
4323,5
4324,5
4325,5
4326,5
4327,5
4328,5
4329,5
4330,5
4331,5
4332,5
4333,4
4334,1
4335,5
4336,5
4337,4
4338,1
4339,5
4340,5
4341,3
4342,5
4343,5
4344,4
4345,1
4346,5
4347,5
4348,5
4349,5
4350,5
4351,5
4352,5
4353,5
4354,5
4355,5
4356,5
4357,5
4358,5
4359,5
4360,3
4361,5
4362,5
4363,3
4364,5
4365,5
4366,5
4367,3
4368,5
4369,5
4370,5
4371,5
4372,5
4373,5
4374,1
4375,5
4376,5
4377,4
4378,4
4379,5
4380,1
4381,5
4382,5
4383,5
4384,5
4385,4
4386,4
4387,5
4388,5
4389,1
4390,5
4391,5
4392,5
4393,5
4394,5
4395,5
4396,5
4397,4
4398,5
4399,5
4400,2
4401,5
4402,4
4403,5
4404,5
4405,5
4406,1
4407,3
4408,3
4409,5
4410,4
4411,5
4412,5
4413,5
4414,5
4415,4
4416,3
4417,3
4418,5
4419,4
4420,5
4421,4
4422,5
4423,5
4424,5
4425,5
4426,5
4427,5
4428,5
4429,5
4430,5
4431,5
4432,5
4433,4
4434,5
4435,3
4436,5
4437,5
4438,5
4439,5
4440,1
4441,5
4442,5
4443,5
4444,5
4445,5
4446,4
4447,5
4448,5
4449,5
4450,4
4451,5
4452,5
4453,5
4454,1
4455,5
4456,3
4457,4
4458,4
4459,5
4460,4
4461,5
4462,5
4463,5
4464,5
4465,5
4466,5
4467,5
4468,4
4469,5
4470,5
4471,5
4472,4
4473,5
4474,5
4475,4
4476,4
4477,5
4478,4
4479,5
4480,5
4481,4
4482,5
4483,5
4484,4
4485,5
4486,5
4487,5
4488,5
4489,5
4490,5
4491,3
4492,3
4493,5
4494,5
4495,5
4496,1
4497,3
4498,5
4499,5
4500,1
4501,5
4502,5
4503,4
4504,5
4505,5
4506,5
4507,3
4508,3
4509,5
4510,5
4511,5
4512,5
4513,1
4514,5
4515,4
4516,4
4517,5
4518,5
4519,3
4520,4
4521,5
4522,5
4523,5
4524,3
4525,5
4526,5
4527,4
4528,5
4529,5
4530,5
4531,4
4532,5
4533,5
4534,5
4535,4
4536,4
4537,3
4538,3
4539,1
4540,5
4541,4
4542,5
4543,5
4544,4
4545,5
4546,1
4547,5
4548,5
4549,5
4550,5
4551,3
4552,3
4553,5
4554,5
4555,5
4556,5
4557,5
4558,5
4559,5
4560,3
4561,3
4562,5
4563,5
4564,5
4565,1
4566,5
4567,5
4568,4
4569,5
4570,5
4571,2
4572,5
4573,1
4574,5
4575,5
4576,4
4577,5
4578,5
4579,1
4580,5
4581,1
4582,4
4583,4
4584,4
4585,3
4586,4
4587,5
4588,5
4589,5
4590,3
4591,5
4592,5
4593,4
4594,5
4595,5
4596,5
4597,2
4598,5
4599,5
4600,3
4601,5
4602,5
4603,5
4604,2
4605,5
4606,4
4607,5
4608,5
4609,5
4610,5
4611,3
4612,4
4613,1
4614,4
4615,5
4616,5
4617,5
4618,4
4619,5
4620,5
4621,3
4622,4
4623,5
4624,5
4625,5
4626,5
4627,5
4628,4
4629,5
4630,5
4631,5
4632,1
4633,3
4634,4
4635,5
4636,5
4637,5
4638,5
4639,5
4640,5
4641,5
4642,5
4643,5
4644,5
4645,1
4646,4
4647,4
4648,3
4649,5
4650,3
4651,1
4652,5
4653,1
4654,5
4655,5
4656,5
4657,4
4658,5
4659,1
4660,3
4661,5
4662,1
4663,4
4664,1
4665,4
4666,5
4667,5
4668,3
4669,3
4670,5
4671,1
4672,3
4673,4
4674,5
4675,5
4676,5
4677,5
4678,5
4679,5
4680,5
4681,4
4682,4
4683,5
4684,5
4685,4
4686,5
4687,5
4688,5
4689,5
4690,5
4691,3
4692,5
4693,5
4694,5
4695,4
4696,5
4697,5
4698,4
4699,5
4700,4
4701,5
4702,5
4703,5
4704,5
4705,1
4706,5
4707,5
4708,5
4709,3
4710,3
4711,5
4712,5
4713,5
4714,1
4715,5
4716,5
4717,5
4718,1
4719,1
4720,1
4721,5
4722,5
4723,3
4724,1
4725,5
4726,5
4727,4
4728,3
4729,5
4730,5
4731,5
4732,5
4733,4
4734,5
4735,5
4736,5
4737,1
4738,1
4739,3
4740,3
4741,4
4742,5
4743,5
4744,4
4745,3
4746,5
4747,5
4748,4
4749,4
4750,5
4751,4
4752,5
4753,4
4754,5
4755,5
4756,3
4757,1
4758,3
4759,3
4760,5
4761,5
4762,5
4763,5
4764,4
4765,1
4766,1
4767,5
4768,5
4769,1
4770,4
4771,5
4772,5
4773,5
4774,5
4775,1
4776,5
4777,1
4778,5
4779,1
4780,5
4781,5
4782,5
4783,5
4784,1
4785,4
4786,4
4787,4
4788,5
4789,5
4790,5
4791,2
4792,2
4793,5
4794,3
4795,5
4796,4
4797,5
4798,5
4799,5
4800,5
4801,5
4802,5
4803,3
4804,1
4805,5
4806,4
4807,4
4808,5
4809,5
4810,5
4811,5
4812,4
4813,5
4814,5
4815,4
4816,5
4817,4
4818,5
4819,2
4820,4
4821,4
4822,4
4823,5
4824,5
4825,5
4826,5
4827,5
4828,5
4829,5
4830,5
4831,5
4832,5
4833,5
4834,5
4835,5
4836,5
4837,5
4838,5
4839,4
4840,5
4841,3
4842,5
4843,5
4844,1
4845,5
4846,3
4847,4
4848,4
4849,5
4850,1
4851,4
4852,5
4853,5
4854,4
4855,3
4856,1
4857,5
4858,5
4859,5
4860,1
4861,3
4862,4
4863,5
4864,5
4865,3
4866,1
4867,5
4868,5
4869,5
4870,3
4871,5
4872,5
4873,5
4874,1
4875,3
4876,1
4877,5
4878,3
4879,5
4880,5
4881,4
4882,5
4883,5
4884,5
4885,5
4886,5
4887,5
4888,5
4889,5
4890,5
4891,1
4892,5
4893,5
4894,3
4895,5
4896,5
4897,5
4898,5
4899,5
4900,5
4901,5
4902,5
4903,5
4904,4
4905,5
4906,5
4907,5
4908,1
4909,5
4910,5
4911,5
4912,5
4913,5
4914,5
4915,5
4916,5
4917,4
4918,5
4919,5
4920,5
4921,5
4922,4
4923,5
4924,5
4925,5
4926,5
4927,5
4928,4
4929,5
4930,4
4931,5
4932,5
4933,5
4934,5
4935,5
4936,4
4937,5
4938,5
4939,1
4940,5
4941,5
4942,3
4943,5
4944,1
4945,3
4946,5
4947,5
4948,5
4949,5
4950,5
4951,4
4952,5
4953,5
4954,5
4955,4
4956,3
4957,5
4958,4
4959,5
4960,5
4961,1
4962,4
4963,5
4964,3
4965,5
4966,5
4967,5
4968,5
4969,5
4970,5
4971,4
4972,3
4973,5
4974,1
4975,5
4976,5
4977,5
4978,3
4979,4
4980,5
4981,5
4982,4
4983,5
4984,4
4985,4
4986,4
4987,5
4988,5
4989,5
4990,4
4991,5
4992,2
4993,5
4994,3
4995,5
4996,3
4997,5
4998,3
4999,5
5000,5
5001,5
5002,5
5003,4
5004,5
5005,5
5006,1
5007,1
5008,4
5009,1
5010,4
5011,5
5012,5
5013,5
5014,4
5015,5
5016,5
5017,5
5018,5
5019,5
5020,5
5021,5
5022,4
5023,4
5024,4
5025,4
5026,5
5027,5
5028,3
5029,3
5030,5
5031,4
5032,5
5033,5
5034,5
5035,4
5036,5
5037,4
5038,5
5039,3
5040,4
5041,5
5042,5
5043,5
5044,5
5045,5
5046,5
5047,5
5048,5
5049,1
5050,5
5051,5
5052,5
5053,5
5054,5
5055,5
5056,5
5057,5
5058,5
5059,5
5060,1
5061,5
5062,3
5063,2
5064,5
5065,3
5066,4
5067,5
5068,5
5069,5
5070,3
5071,3
5072,5
5073,5
5074,5
5075,5
5076,4
5077,1
5078,4
5079,5
5080,5
5081,5
5082,5
5083,5
5084,5
5085,5
5086,5
5087,5
5088,1
5089,5
5090,1
5091,1
5092,5
5093,5
5094,5
5095,1
5096,3
5097,5
5098,4
5099,4
5100,5
5101,5
5102,3
5103,5
5104,2
5105,5
5106,5
5107,5
5108,5
5109,5
5110,5
5111,3
5112,5
5113,5
5114,5
5115,5
5116,5
5117,4
5118,5
5119,3
5120,5
5121,5
5122,5
5123,5
5124,5
5125,4
5126,5
5127,1
5128,5
5129,5
5130,5
5131,1
5132,4
5133,4
5134,5
5135,5
5136,1
5137,4
5138,5
5139,3
5140,1
5141,5
5142,1
5143,5
5144,5
5145,5
5146,5
5147,3
5148,3
5149,5
5150,3
5151,5
5152,5
5153,5
5154,5
5155,5
5156,4
5157,5
5158,5
5159,5
5160,3
5161,1
5162,1
5163,5
5164,1
5165,4
5166,5
5167,4
5168,5
5169,5
5170,5
5171,5
5172,5
5173,5
5174,4
5175,4
5176,4
5177,5
5178,5
5179,5
5180,5
5181,5
5182,4
5183,5
5184,5
5185,5
5186,5
5187,1
5188,5
5189,5
5190,5
5191,5
5192,5
5193,3
5194,5
5195,5
5196,5
5197,5
5198,5
5199,5
5200,1
5201,5
5202,5
5203,5
5204,5
5205,5
5206,5
5207,5
5208,5
5209,5
5210,1
5211,5
5212,5
5213,4
5214,5
5215,1
5216,5
5217,5
5218,5
5219,5
5220,1
5221,5
5222,5
5223,5
5224,4
5225,5
5226,5
5227,5
5228,1
5229,1
5230,4
5231,5
5232,5
5233,5
5234,3
5235,1
5236,5
5237,5
5238,5
5239,5
5240,5
5241,5
5242,5
5243,3
5244,5
5245,5
5246,5
5247,3
5248,4
5249,5
5250,5
5251,1
5252,5
5253,4
5254,4
5255,5
5256,4
5257,3
5258,1
5259,5
5260,1
5261,5
5262,5
5263,5
5264,1
5265,5
5266,1
5267,4
5268,5
5269,5
5270,3
5271,4
5272,5
5273,5
5274,5
5275,5
5276,4
5277,5
5278,5
5279,5
5280,5
5281,5
5282,5
5283,4
5284,5
5285,4
5286,4
5287,5
5288,5
5289,5
5290,4
5291,5
5292,5
5293,5
5294,4
5295,5
5296,5
5297,5
5298,5
5299,5
5300,3
5301,3
5302,5
5303,5
5304,5
5305,5
5306,5
5307,3
5308,5
5309,4
5310,5
5311,3
5312,3
5313,1
5314,1
5315,5
5316,5
5317,5
5318,5
5319,5
5320,5
5321,1
5322,5
5323,4
5324,5
5325,5
5326,4
5327,4
5328,5
5329,5
5330,4
5331,5
5332,5
5333,5
5334,5
5335,5
5336,5
5337,4
5338,5
5339,3
5340,5
5341,3
5342,5
5343,5
5344,1
5345,5
5346,3
5347,5
5348,5
5349,4
5350,5
5351,5
5352,5
5353,5
5354,4
5355,4
5356,5
5357,5
5358,5
5359,5
5360,4
5361,3
5362,5
5363,3
5364,5
5365,5
5366,5
5367,5
5368,5
5369,5
5370,5
5371,5
5372,5
5373,1
5374,5
5375,5
5376,5
5377,4
5378,3
5379,2
5380,5
5381,3
5382,5
5383,5
5384,3
5385,4
5386,5
5387,5
5388,5
5389,5
5390,5
5391,5
5392,5
5393,5
5394,5
5395,5
5396,5
5397,1
5398,5
5399,5
5400,4
5401,3
5402,4
5403,5
5404,5
5405,5
5406,3
5407,1
5408,5
5409,5
5410,5
5411,5
5412,3
5413,5
5414,5
5415,5
5416,5
5417,1
5418,5
5419,3
5420,1
5421,5
5422,5
5423,4
5424,4
5425,5
5426,5
5427,1
5428,4
5429,5
5430,5
5431,5
5432,5
5433,5
5434,5
5435,3
5436,2
5437,5
5438,4
5439,5
5440,3
5441,5
5442,4
5443,1
5444,3
5445,4
5446,1
5447,2
5448,5
5449,4
5450,4
5451,5
5452,5
5453,5
5454,1
5455,3
5456,5
5457,5
5458,5
5459,4
5460,1
5461,5
5462,1
5463,4
5464,5
5465,5
5466,5
5467,5
5468,5
5469,4
5470,4
5471,1
5472,1
5473,4
5474,5
5475,5
5476,4
5477,5
5478,5
5479,5
5480,5
5481,4
5482,5
5483,4
5484,3
5485,5
5486,5
5487,5
5488,4
5489,5
5490,5
5491,1
5492,4
5493,5
5494,5
5495,5
5496,1
5497,4
5498,5
5499,3
5500,1
5501,5
5502,5
5503,5
5504,5
5505,5
5506,4
5507,5
5508,4
5509,5
5510,5
5511,5
5512,3
5513,5
5514,4
5515,5
5516,1
5517,3
5518,4
5519,5
5520,5
5521,5
5522,1
5523,4
5524,3
5525,3
5526,5
5527,3
5528,5
5529,5
5530,4
5531,5
5532,5
5533,5
5534,5
5535,5
5536,5
5537,4
5538,1
5539,4
5540,5
5541,4
5542,3
5543,5
5544,3
5545,4
5546,4
5547,5
5548,5
5549,5
5550,4
5551,5
5552,5
5553,5
5554,1
5555,5
5556,3
5557,5
5558,3
5559,5
5560,4
5561,5
5562,5
5563,5
5564,4
5565,5
5566,5
5567,5
5568,5
5569,5
5570,5
5571,3
5572,5
5573,5
5574,5
5575,5
5576,4
5577,5
5578,5
5579,5
5580,5
5581,4
5582,5
5583,5
5584,3
5585,5
5586,5
5587,4
5588,2
5589,4
5590,3
5591,5
5592,5
5593,5
5594,5
5595,5
5596,5
5597,5
5598,5
5599,3
5600,5
5601,5
5602,3
5603,5
5604,4
5605,5
5606,5
5607,5
5608,1
5609,5
5610,5
5611,5
5612,4
5613,4
5614,5
5615,5
5616,5
5617,2
5618,5
5619,3
5620,4
5621,5
5622,1
5623,3
5624,1
5625,5
5626,5
5627,5
5628,5
5629,5
5630,3
5631,4
5632,5
5633,5
5634,3
5635,5
5636,4
5637,5
5638,5
5639,5
5640,3
5641,5
5642,5
5643,5
5644,5
5645,5
5646,4
5647,2
5648,1
5649,4
5650,1
5651,5
5652,5
5653,5
5654,4
5655,5
5656,5
5657,5
5658,5
5659,1
5660,5
5661,5
5662,5
5663,3
5664,5
5665,5
5666,5
5667,1
5668,4
5669,5
5670,5
5671,5
5672,5
5673,3
5674,5
5675,5
5676,5
5677,5
5678,5
5679,5
5680,5
5681,1
5682,5
5683,4
5684,5
5685,5
5686,4
5687,5
5688,4
5689,5
5690,4
5691,5
5692,5
5693,1
5694,4
5695,5
5696,5
5697,5
5698,5
5699,5
5700,5
5701,5
5702,5
5703,5
5704,4
5705,1
5706,5
5707,5
5708,5
5709,5
5710,5
5711,5
5712,5
5713,1
5714,5
5715,5
5716,5
5717,4
5718,5
5719,1
5720,5
5721,4
5722,5
5723,5
5724,5
5725,4
5726,5
5727,4
5728,5
5729,4
5730,5
5731,5
5732,5
5733,5
5734,3
5735,3
5736,5
5737,5
5738,5
5739,5
5740,4
5741,5
5742,1
5743,5
5744,5
5745,5
5746,4
5747,5
5748,5
5749,5
5750,5
5751,4
5752,5
5753,5
5754,5
5755,4
5756,1
5757,5
5758,1
5759,1
5760,5
5761,5
5762,5
5763,3
5764,5
5765,3
5766,5
5767,1
5768,3
5769,1
5770,5
5771,5
5772,5
5773,5
5774,3
5775,5
5776,1
5777,5
5778,5
5779,5
5780,5
5781,5
5782,5
5783,5
5784,5
5785,1
5786,5
5787,4
5788,5
5789,5
5790,4
5791,5
5792,5
5793,5
5794,5
5795,3
5796,5
5797,1
5798,5
5799,5
5800,5
5801,4
5802,5
5803,5
5804,5
5805,5
5806,5
5807,4
5808,5
5809,5
5810,5
5811,5
5812,5
5813,5
5814,5
5815,3
5816,5
5817,4
5818,1
5819,5
5820,5
5821,5
5822,5
5823,1
5824,1
5825,5
5826,5
5827,5
5828,5
5829,5
5830,5
5831,5
5832,5
5833,3
5834,3
5835,5
5836,4
5837,4
5838,5
5839,5
5840,5
5841,4
5842,5
5843,5
5844,1
5845,5
5846,5
5847,5
5848,5
5849,5
5850,5
5851,5
5852,1
5853,4
5854,5
5855,5
5856,1
5857,5
5858,5
5859,5
5860,4
5861,1
5862,3
5863,3
5864,4
5865,5
5866,5
5867,5
5868,5
5869,3
5870,5
5871,5
5872,5
5873,3
5874,4
5875,5
5876,5
5877,3
5878,5
5879,4
5880,1
5881,4
5882,5
5883,4
5884,5
5885,5
5886,4
5887,5
5888,5
5889,5
5890,5
5891,2
5892,5
5893,5
5894,5
5895,5
5896,4
5897,5
5898,5
5899,1
5900,2
5901,5
5902,3
5903,5
5904,4
5905,5
5906,5
5907,5
5908,5
5909,3
5910,5
5911,5
5912,4
5913,5
5914,5
5915,5
5916,5
5917,5
5918,3
5919,4
5920,5
5921,5
5922,5
5923,5
5924,3
5925,4
5926,5
5927,5
5928,4
5929,4
5930,4
5931,5
5932,4
5933,4
5934,5
5935,4
5936,1
5937,5
5938,4
5939,4
5940,5
5941,5
5942,5
5943,5
5944,4
5945,3
5946,3
5947,5
5948,5
5949,3
5950,5
5951,5
5952,5
5953,5
5954,5
5955,3
5956,3
5957,1
5958,5
5959,5
5960,1
5961,5
5962,3
5963,5
5964,5
5965,5
5966,4
5967,5
5968,5
5969,5
5970,3
5971,5
5972,5
5973,4
5974,4
5975,5
5976,5
5977,4
5978,5
5979,3
5980,5
5981,5
5982,5
5983,5
5984,5
5985,5
5986,3
5987,5
5988,5
5989,4
5990,5
5991,5
5992,3
5993,4
5994,1
5995,5
5996,5
5997,5
5998,5
5999,4
6000,4
6001,5
6002,5
6003,5
6004,5
6005,5
6006,5
6007,5
6008,2
6009,5
6010,5
6011,5
6012,4
6013,3
6014,5
6015,5
6016,5
6017,5
6018,5
6019,5
6020,5
6021,3
6022,1
6023,4
6024,5
6025,3
6026,5
6027,5
6028,4
6029,4
6030,1
6031,2
6032,5
6033,5
6034,5
6035,4
6036,3
6037,1
6038,3
6039,1
6040,5
6041,4
6042,5
6043,1
6044,5
6045,5
6046,4
6047,5
6048,5
6049,5
6050,5
6051,5
6052,1
6053,3
6054,5
6055,1
6056,4
6057,3
6058,5
6059,5
6060,5
6061,4
6062,5
6063,5
6064,4
6065,5
6066,5
6067,5
6068,5
6069,5
6070,4
6071,5
6072,3
6073,5
6074,5
6075,5
6076,5
6077,5
6078,3
6079,2
6080,2
6081,4
6082,5
6083,5
6084,5
6085,3
6086,5
6087,4
6088,5
6089,5
6090,5
6091,5
6092,5
6093,5
6094,5
6095,5
6096,1
6097,5
6098,5
6099,5
6100,5
6101,3
6102,5
6103,5
6104,5
6105,5
6106,5
6107,5
6108,4
6109,5
6110,4
6111,5
6112,5
6113,5
6114,5
6115,5
6116,3
6117,4
6118,5
6119,5
6120,5
6121,5
6122,5
6123,5
6124,5
6125,4
6126,5
6127,3
6128,3
6129,5
6130,5
6131,5
6132,5
6133,5
6134,5
6135,1
6136,4
6137,4
6138,5
6139,4
6140,3
6141,4
6142,5
6143,5
6144,5
6145,3
6146,5
6147,5
6148,5
6149,4
6150,5
6151,5
6152,4
6153,4
6154,5
6155,3
6156,5
6157,4
6158,5
6159,4
6160,5
6161,1
6162,5
6163,3
6164,5
6165,5
6166,5
6167,3
6168,1
6169,3
6170,1
6171,5
6172,5
6173,1
6174,5
6175,5
6176,5
6177,5
6178,4
6179,4
6180,1
6181,5
6182,1
6183,5
6184,5
6185,5
6186,5
6187,4
6188,3
6189,5
6190,4
6191,3
6192,3
6193,5
6194,5
6195,5
6196,5
6197,4
6198,4
6199,4
6200,1
6201,3
6202,4
6203,5
6204,4
6205,5
6206,3
6207,3
6208,5
6209,2
6210,5
6211,5
6212,5
6213,5
6214,5
6215,3
6216,1
6217,5
6218,5
6219,5
6220,5
6221,5
6222,3
6223,1
6224,5
6225,5
6226,5
6227,5
6228,3
6229,4
6230,3
6231,5
6232,5
6233,5
6234,4
6235,5
6236,4
6237,3
6238,5
6239,5
6240,5
6241,5
6242,5
6243,5
6244,3
6245,5
6246,4
6247,5
6248,1
6249,5
6250,4
6251,5
6252,5
6253,4
6254,5
6255,5
6256,5
6257,5
6258,3
6259,5
6260,5
6261,5
6262,5
6263,5
6264,5
6265,5
6266,5
6267,5
6268,5
6269,3
6270,5
6271,3
6272,5
6273,5
6274,5
6275,5
6276,5
6277,2
6278,1
6279,5
6280,5
6281,3
6282,4
6283,3
6284,4
6285,3
6286,5
6287,5
6288,5
6289,5
6290,5
6291,5
6292,5
6293,5
6294,5
6295,3
6296,5
6297,5
6298,1
6299,5
6300,5
6301,5
6302,5
6303,5
6304,5
6305,5
6306,1
6307,4
6308,5
6309,1
6310,5
6311,4
6312,1
6313,5
6314,3
6315,5
6316,5
6317,1
6318,5
6319,5
6320,4
6321,5
6322,1
6323,5
6324,1
6325,5
6326,4
6327,5
6328,4
6329,1
6330,4
6331,4
6332,5
6333,5
6334,5
6335,5
6336,1
6337,5
6338,5
6339,5
6340,5
6341,5
6342,5
6343,3
6344,1
6345,4
6346,5
6347,4
6348,5
6349,5
6350,5
6351,5
6352,3
6353,5
6354,1
6355,5
6356,1
6357,5
6358,5
6359,5
6360,3
6361,5
6362,3
6363,4
6364,5
6365,5
6366,5
6367,5
6368,5
6369,5
6370,5
6371,5
6372,5
6373,4
6374,4
6375,5
6376,1
6377,5
6378,5
6379,5
6380,5
6381,5
6382,5
6383,1
6384,1
6385,5
6386,5
6387,5
6388,5
6389,5
6390,5
6391,5
6392,2
6393,1
6394,1
6395,5
6396,5
6397,4
6398,5
6399,1
6400,5
6401,4
6402,1
6403,5
6404,5
6405,5
6406,4
6407,1
6408,3
6409,5
6410,5
6411,5
6412,5
6413,5
6414,3
6415,5
6416,5
6417,5
6418,4
6419,1
6420,5
6421,5
6422,4
6423,4
6424,5
6425,1
6426,5
6427,5
6428,5
6429,5
6430,5
6431,5
6432,1
6433,5
6434,5
6435,5
6436,5
6437,3
6438,5
6439,5
6440,3
6441,5
6442,5
6443,5
6444,5
6445,3
6446,5
6447,2
6448,5
6449,4
6450,4
6451,5
6452,3
6453,5
6454,4
6455,5
6456,1
6457,5
6458,5
6459,5
6460,5
6461,5
6462,4
6463,1
6464,5
6465,5
6466,1
6467,5
6468,5
6469,1
6470,5
6471,5
6472,5
6473,5
6474,5
6475,5
6476,5
6477,5
6478,5
6479,5
6480,5
6481,4
6482,5
6483,3
6484,5
6485,4
6486,4
6487,5
6488,1
6489,1
6490,5
6491,5
6492,5
6493,5
6494,5
6495,5
6496,1
6497,5
6498,5
6499,3
6500,3
6501,1
6502,5
6503,5
6504,5
6505,4
6506,5
6507,5
6508,5
6509,1
6510,1
6511,3
6512,5
6513,5
6514,3
6515,4
6516,5
6517,5
6518,5
6519,4
6520,5
6521,5
6522,5
6523,5
6524,3
6525,5
6526,1
6527,5
6528,5
6529,5
6530,5
6531,1
6532,5
6533,5
6534,3
6535,5
6536,5
6537,5
6538,5
6539,5
6540,5
6541,5
6542,5
6543,1
6544,1
6545,5
6546,5
6547,5
6548,5
6549,5
6550,2
6551,4
6552,4
6553,5
6554,5
6555,5
6556,1
6557,4
6558,5
6559,5
6560,5
6561,5
6562,5
6563,4
6564,4
6565,4
6566,5
6567,5
6568,5
6569,5
6570,5
6571,5
6572,1
6573,5
6574,5
6575,5
6576,5
6577,1
6578,5
6579,5
6580,5
6581,5
6582,5
6583,5
6584,5
6585,5
6586,5
6587,5
6588,5
6589,3
6590,1
6591,3
6592,5
6593,1
6594,4
6595,5
6596,1
6597,5
6598,3
6599,1
6600,4
6601,5
6602,5
6603,5
6604,4
6605,5
6606,1
6607,5
6608,5
6609,5
6610,3
6611,5
6612,1
6613,1
6614,5
6615,1
6616,3
6617,3
6618,5
6619,4
6620,5
6621,5
6622,5
6623,5
6624,3
6625,5
6626,5
6627,5
6628,5
6629,5
6630,5
6631,5
6632,3
6633,3
6634,1
6635,4
6636,4
6637,5
6638,5
6639,5
6640,5
6641,5
6642,5
6643,1
6644,4
6645,4
6646,3
6647,5
6648,5
6649,3
6650,5
6651,5
6652,5
6653,5
6654,5
6655,5
6656,5
6657,3
6658,5
6659,5
6660,4
6661,5
6662,5
6663,5
6664,1
6665,5
6666,5
6667,5
6668,3
6669,5
6670,5
6671,3
6672,5
6673,5
6674,4
6675,3
6676,3
6677,5
6678,5
6679,4
6680,5
6681,4
6682,4
6683,5
6684,5
6685,4
6686,5
6687,5
6688,1
6689,5
6690,5
6691,5
6692,5
6693,1
6694,4
6695,4
6696,4
6697,5
6698,5
6699,5
6700,5
6701,5
6702,5
6703,1
6704,5
6705,5
6706,5
6707,3
6708,1
6709,5
6710,4
6711,1
6712,5
6713,3
6714,5
6715,1
6716,5
6717,5
6718,5
6719,1
6720,5
6721,5
6722,5
6723,5
6724,5
6725,3
6726,5
6727,5
6728,5
6729,1
6730,5
6731,5
6732,5
6733,5
6734,1
6735,5
6736,5
6737,5
6738,5
6739,5
6740,1
6741,5
6742,5
6743,3
6744,5
6745,5
6746,5
6747,4
6748,5
6749,1
6750,5
6751,1
6752,5
6753,5
6754,5
6755,5
6756,5
6757,5
6758,5
6759,3
6760,5
6761,5
6762,5
6763,5
6764,5
6765,1
6766,5
6767,5
6768,5
6769,5
6770,5
6771,5
6772,5
6773,5
6774,5
6775,4
6776,5
6777,1
6778,3
6779,5
6780,4
6781,5
6782,1
6783,5
6784,5
6785,5
6786,3
6787,5
6788,5
6789,3
6790,5
6791,2
6792,1
6793,5
6794,5
6795,5
6796,4
6797,5
6798,5
6799,4
6800,5
6801,5
6802,4
6803,4
6804,5
6805,5
6806,4
6807,3
6808,5
6809,4
6810,1
6811,5
6812,5
6813,5
6814,5
6815,5
6816,2
6817,5
6818,4
6819,5
6820,5
6821,5
6822,5
6823,5
6824,5
6825,4
6826,5
6827,4
6828,5
6829,5
6830,5
6831,1
6832,5
6833,5
6834,5
6835,5
6836,5
6837,5
6838,5
6839,4
6840,4
6841,5
6842,5
6843,5
6844,5
6845,3
6846,5
6847,4
6848,5
6849,5
6850,5
6851,5
6852,5
6853,5
6854,1
6855,4
6856,5
6857,3
6858,5
6859,5
6860,5
6861,5
6862,3
6863,5
6864,5
6865,4
6866,5
6867,5
6868,5
6869,3
6870,4
6871,5
6872,5
6873,3
6874,4
6875,5
6876,5
6877,4
6878,5
6879,5
6880,5
6881,5
6882,5
6883,4
6884,5
6885,5
6886,3
6887,4
6888,3
6889,5
6890,3
6891,4
6892,3
6893,5
6894,5
6895,4
6896,5
6897,5
6898,5
6899,5
6900,4
6901,4
6902,4
6903,1
6904,5
6905,3
6906,5
6907,1
6908,5
6909,5
6910,5
6911,5
6912,5
6913,4
6914,4
6915,1
6916,5
6917,5
6918,5
6919,3
6920,5
6921,1
6922,5
6923,5
6924,5
6925,3
6926,4
6927,3
6928,3
6929,5
6930,4
6931,5
6932,5
6933,5
6934,5
6935,1
6936,5
6937,5
6938,5
6939,1
6940,4
6941,5
6942,3
6943,5
6944,5
6945,5
6946,5
6947,5
6948,5
6949,4
6950,4
6951,4
6952,5
6953,5
6954,4
6955,5
6956,5
6957,1
6958,5
6959,1
6960,3
6961,5
6962,5
6963,3
6964,1
6965,5
6966,5
6967,5
6968,4
6969,1
6970,4
6971,4
6972,4
6973,5
6974,1
6975,3
6976,4
6977,5
6978,5
6979,5
6980,5
6981,5
6982,5
6983,3
6984,5
6985,3
6986,3
6987,5
6988,5
6989,3
6990,5
6991,5
6992,5
6993,1
6994,4
6995,5
6996,5
6997,5
6998,4
6999,3
7000,5
7001,3
7002,4
7003,5
7004,5
7005,5
7006,5
7007,5
7008,5
7009,1
7010,4
7011,5
7012,5
7013,5
7014,5
7015,4
7016,5
7017,4
7018,5
7019,5
7020,3
7021,5
7022,5
7023,5
7024,4
7025,1
7026,5
7027,4
7028,5
7029,5
7030,5
7031,4
7032,4
7033,5
7034,1
7035,3
7036,5
7037,5
7038,5
7039,5
7040,3
7041,5
7042,4
7043,5
7044,1
7045,4
7046,5
7047,5
7048,5
7049,4
7050,5
7051,4
7052,5
7053,4
7054,5
7055,1
7056,1
7057,5
7058,5
7059,5
7060,4
7061,5
7062,3
7063,5
7064,5
7065,1
7066,3
7067,5
7068,4
7069,4
7070,5
7071,4
7072,5
7073,5
7074,5
7075,5
7076,5
7077,5
7078,5
7079,5
7080,5
7081,5
7082,5
7083,5
7084,5
7085,5
7086,4
7087,5
7088,5
7089,5
7090,5
7091,5
7092,5
7093,5
7094,5
7095,5
7096,3
7097,3
7098,4
7099,1
7100,4
7101,3
7102,5
7103,5
7104,5
7105,5
7106,4
7107,5
7108,5
7109,5
7110,1
7111,4
7112,5
7113,5
7114,5
7115,5
7116,5
7117,5
7118,5
7119,4
7120,5
7121,1
7122,5
7123,5
7124,5
7125,5
7126,5
7127,4
7128,5
7129,5
7130,5
7131,4
7132,5
7133,3
7134,5
7135,1
7136,5
7137,5
7138,5
7139,5
7140,4
7141,5
7142,5
7143,5
7144,1
7145,3
7146,5
7147,5
7148,4
7149,5
7150,1
7151,5
7152,5
7153,4
7154,1
7155,4
7156,5
7157,4
7158,5
7159,5
7160,4
7161,5
7162,4
7163,5
7164,5
7165,5
7166,5
7167,1
7168,1
7169,5
7170,4
7171,5
7172,5
7173,5
7174,5
7175,4
7176,5
7177,1
7178,3
7179,4
7180,5
7181,5
7182,4
7183,5
7184,5
7185,5
7186,4
7187,5
7188,5
7189,5
7190,3
7191,5
7192,3
7193,5
7194,5
7195,5
7196,5
7197,5
7198,3
7199,5
7200,5
7201,5
7202,3
7203,5
7204,5
7205,5
7206,1
7207,3
7208,3
7209,5
7210,3
7211,5
7212,5
7213,5
7214,5
7215,5
7216,5
7217,1
7218,5
7219,2
7220,5
7221,4
7222,4
7223,5
7224,1
7225,5
7226,4
7227,5
7228,5
7229,3
7230,5
7231,5
7232,5
7233,5
7234,3
7235,5
7236,4
7237,5
7238,5
7239,5
7240,5
7241,5
7242,5
7243,5
7244,5
7245,4
7246,1
7247,3
7248,5
7249,1
7250,5
7251,4
7252,4
7253,5
7254,5
7255,5
7256,5
7257,3
7258,5
7259,4
7260,5
7261,5
7262,5
7263,5
7264,5
7265,5
7266,1
7267,5
7268,5
7269,5
7270,5
7271,2
7272,5
7273,5
7274,5
7275,4
7276,5
7277,5
7278,5
7279,4
7280,5
7281,5
7282,5
7283,5
7284,1
7285,5
7286,5
7287,3
7288,3
7289,1
7290,1
7291,1
7292,4
7293,3
7294,3
7295,5
7296,5
7297,4
7298,3
7299,5
7300,4
7301,1
7302,5
7303,5
7304,3
7305,5
7306,5
7307,1
7308,1
7309,4
7310,3
7311,5
7312,4
7313,4
7314,5
7315,5
7316,5
7317,5
7318,4
7319,5
7320,5
7321,5
7322,5
7323,5
7324,5
7325,5
7326,3
7327,5
7328,5
7329,5
7330,5
7331,5
7332,5
7333,5
7334,5
7335,5
7336,5
7337,5
7338,5
7339,3
7340,5
7341,1
7342,5
7343,5
7344,5
7345,5
7346,3
7347,5
7348,5
7349,4
7350,5
7351,5
7352,5
7353,5
7354,5
7355,5
7356,5
7357,5
7358,5
7359,1
7360,5
7361,5
7362,4
7363,5
7364,5
7365,5
7366,1
7367,5
7368,5
7369,5
7370,5
7371,1
7372,5
7373,5
7374,5
7375,5
7376,5
7377,4
7378,5
7379,5
7380,5
7381,5
7382,5
7383,5
7384,5
7385,5
7386,5
7387,5
7388,4
7389,5
7390,4
7391,4
7392,5
7393,5
7394,5
7395,3
7396,5
7397,5
7398,5
7399,5
7400,4
7401,5
7402,5
7403,5
7404,5
7405,5
7406,5
7407,5
7408,5
7409,5
7410,5
7411,5
7412,5
7413,5
7414,4
7415,5
7416,4
7417,4
7418,5
7419,5
7420,5
7421,4
7422,5
7423,3
7424,5
7425,5
7426,3
7427,4
7428,4
7429,5
7430,1
7431,4
7432,5
7433,4
7434,4
7435,5
7436,5
7437,5
7438,5
7439,5
7440,4
7441,4
7442,5
7443,5
7444,5
7445,5
7446,5
7447,5
7448,5
7449,5
7450,5
7451,3
7452,5
7453,3
7454,5
7455,4
7456,5
7457,1
7458,5
7459,1
7460,5
7461,3
7462,5
7463,3
7464,5
7465,4
7466,4
7467,5
7468,4
7469,4
7470,5
7471,5
7472,5
7473,1
7474,5
7475,5
7476,5
7477,3
7478,5
7479,5
7480,5
7481,5
7482,5
7483,4
7484,3
7485,5
7486,5
7487,5
7488,1
7489,5
7490,2
7491,3
7492,4
7493,5
7494,5
7495,5
7496,3
7497,1
7498,5
7499,5
7500,5
7501,3
7502,5
7503,5
7504,5
7505,3
7506,5
7507,5
7508,5
7509,5
7510,5
7511,1
7512,5
7513,5
7514,5
7515,5
7516,3
7517,5
7518,5
7519,5
7520,3
7521,3
7522,5
7523,5
7524,5
7525,5
7526,5
7527,3
7528,5
7529,5
7530,1
7531,4
7532,5
7533,1
7534,5
7535,5
7536,1
7537,4
7538,4
7539,5
7540,3
7541,5
7542,4
7543,5
7544,5
7545,5
7546,5
7547,5
7548,5
7549,5
7550,3
7551,5
7552,5
7553,3
7554,4
7555,5
7556,5
7557,4
7558,1
7559,5
7560,5
7561,5
7562,5
7563,5
7564,5
7565,4
7566,5
7567,5
7568,5
7569,5
7570,5
7571,5
7572,5
7573,5
7574,5
7575,5
7576,5
7577,5
7578,4
7579,5
7580,5
7581,5
7582,4
7583,5
7584,5
7585,5
7586,3
7587,3
7588,5
7589,5
7590,4
7591,5
7592,5
7593,5
7594,5
7595,5
7596,5
7597,5
7598,5
7599,3
7600,5
7601,5
7602,5
7603,5
7604,5
7605,5
7606,5
7607,5
7608,5
7609,4
7610,1
7611,5
7612,4
7613,5
7614,5
7615,5
7616,1
7617,5
7618,5
7619,5
7620,1
7621,3
7622,5
7623,5
7624,3
7625,5
7626,4
7627,5
7628,5
7629,5
7630,5
7631,5
7632,5
7633,5
7634,5
7635,1
7636,3
7637,5
7638,5
7639,3
7640,4
7641,4
7642,1
7643,5
7644,5
7645,5
7646,5
7647,3
7648,5
7649,1
7650,5
7651,4
7652,5
7653,4
7654,5
7655,5
7656,5
7657,5
7658,5
7659,5
7660,5
7661,4
7662,5
7663,3
7664,5
7665,5
7666,5
7667,1
7668,1
7669,4
7670,3
7671,5
7672,5
7673,5
7674,3
7675,5
7676,5
7677,5
7678,5
7679,5
7680,4
7681,5
7682,4
7683,5
7684,5
7685,5
7686,3
7687,1
7688,5
7689,5
7690,5
7691,5
7692,5
7693,5
7694,5
7695,4
7696,3
7697,5
7698,5
7699,3
7700,5
7701,4
7702,3
7703,5
7704,3
7705,5
7706,1
7707,5
7708,5
7709,5
7710,5
7711,5
7712,5
7713,5
7714,5
7715,5
7716,5
7717,5
7718,5
7719,5
7720,5
7721,5
7722,2
7723,5
7724,4
7725,5
7726,3
7727,5
7728,4
7729,3
7730,3
7731,5
7732,3
7733,1
7734,3
7735,5
7736,4
7737,5
7738,5
7739,5
7740,5
7741,4
7742,1
7743,4
7744,5
7745,5
7746,5
7747,5
7748,5
7749,5
7750,5
7751,4
7752,5
7753,4
7754,5
7755,5
7756,5
7757,5
7758,5
7759,5
7760,3
7761,3
7762,4
7763,5
7764,4
7765,5
7766,3
7767,5
7768,5
7769,3
7770,5
7771,5
7772,3
7773,3
7774,5
7775,3
7776,1
7777,5
7778,4
7779,5
7780,5
7781,5
7782,1
7783,5
7784,1
7785,5
7786,5
7787,5
7788,1
7789,4
7790,5
7791,5
7792,5
7793,5
7794,3
7795,5
7796,5
7797,4
7798,4
7799,5
7800,3
7801,3
7802,5
7803,5
7804,4
7805,3
7806,5
7807,5
7808,3
7809,5
7810,5
7811,5
7812,4
7813,5
7814,3
7815,3
7816,4
7817,4
7818,5
7819,5
7820,5
7821,5
7822,5
7823,5
7824,5
7825,5
7826,5
7827,5
7828,5
7829,5
7830,5
7831,1
7832,4
7833,1
7834,5
7835,5
7836,5
7837,5
7838,5
7839,1
7840,3
7841,5
7842,1
7843,3
7844,3
7845,5
7846,5
7847,5
7848,5
7849,4
7850,5
7851,5
7852,4
7853,3
7854,5
7855,3
7856,5
7857,5
7858,5
7859,3
7860,4
7861,5
7862,4
7863,5
7864,5
7865,5
7866,3
7867,2
7868,5
7869,5
7870,4
7871,5
7872,5
7873,4
7874,5
7875,5
7876,3
7877,5
7878,5
7879,4
7880,5
7881,5
7882,5
7883,5
7884,5
7885,1
7886,5
7887,5
7888,5
7889,5
7890,5
7891,5
7892,5
7893,3
7894,5
7895,5
7896,5
7897,5
7898,5
7899,5
7900,5
7901,5
7902,1
7903,5
7904,5
7905,4
7906,5
7907,5
7908,1
7909,5
7910,4
7911,5
7912,5
7913,5
7914,5
7915,5
7916,5
7917,1
7918,5
7919,5
7920,5
7921,5
7922,5
7923,5
7924,5
7925,3
7926,5
7927,5
7928,5
7929,5
7930,5
7931,5
7932,4
7933,3
7934,2
7935,5
7936,5
7937,3
7938,4
7939,5
7940,4
7941,4
7942,5
7943,5
7944,3
7945,5
7946,5
7947,5
7948,4
7949,5
7950,5
7951,1
7952,5
7953,5
7954,5
7955,3
7956,3
7957,5
7958,5
7959,4
7960,5
7961,5
7962,5
7963,4
7964,3
7965,5
7966,5
7967,5
7968,5
7969,5
7970,5
7971,4
7972,5
7973,5
7974,5
7975,5
7976,1
7977,4
7978,4
7979,2
7980,5
7981,4
7982,3
7983,4
7984,5
7985,5
7986,5
7987,5
7988,4
7989,3
7990,4
7991,5
7992,1
7993,5
7994,4
7995,1
7996,5
7997,5
7998,5
7999,1
8000,4
8001,5
8002,4
8003,3
8004,5
8005,3
8006,5
8007,1
8008,5
8009,3
8010,5
8011,5
8012,3
8013,1
8014,5
8015,5
8016,1
8017,3
8018,3
8019,1
8020,5
8021,5
8022,5
8023,5
8024,5
8025,5
8026,5
8027,3
8028,5
8029,4
8030,5
8031,5
8032,5
8033,4
8034,5
8035,5
8036,5
8037,3
8038,5
8039,5
8040,1
8041,4
8042,5
8043,5
8044,4
8045,5
8046,1
8047,5
8048,1
8049,5
8050,5
8051,5
8052,3
8053,4
8054,5
8055,5
8056,5
8057,5
8058,5
8059,5
8060,5
8061,5
8062,5
8063,5
8064,4
8065,4
8066,5
8067,4
8068,5
8069,5
8070,5
8071,5
8072,5
8073,4
8074,3
8075,4
8076,4
8077,1
8078,5
8079,5
8080,5
8081,5
8082,3
8083,5
8084,1
8085,5
8086,5
8087,3
8088,5
8089,5
8090,5
8091,5
8092,5
8093,5
8094,5
8095,5
8096,3
8097,4
8098,2
8099,5
8100,3
8101,5
8102,5
8103,5
8104,5
8105,5
8106,5
8107,1
8108,5
8109,4
8110,4
8111,5
8112,5
8113,5
8114,5
8115,3
8116,5
8117,3
8118,5
8119,1
8120,1
8121,5
8122,5
8123,5
8124,5
8125,5
8126,5
8127,5
8128,4
8129,5
8130,5
8131,5
8132,5
8133,5
8134,5
8135,1
8136,5
8137,5
8138,5
8139,4
8140,5
8141,1
8142,5
8143,5
8144,5
8145,4
8146,5
8147,5
8148,5
8149,1
8150,5
8151,3
8152,5
8153,5
8154,4
8155,5
8156,1
8157,3
8158,4
8159,4
8160,5
8161,5
8162,5
8163,5
8164,5
8165,5
8166,5
8167,5
8168,5
8169,5
8170,5
8171,3
8172,5
8173,4
8174,5
8175,5
8176,5
8177,5
8178,1
8179,5
8180,5
8181,3
8182,4
8183,5
8184,5
8185,5
8186,3
8187,5
8188,5
8189,5
8190,4
8191,5
8192,4
8193,4
8194,5
8195,1
8196,5
8197,5
8198,4
8199,5
8200,5
8201,3
8202,5
8203,5
8204,5
8205,1
8206,3
8207,5
8208,1
8209,5
8210,3
8211,5
8212,5
8213,1
8214,5
8215,1
8216,5
8217,5
8218,5
8219,5
8220,1
8221,4
8222,1
8223,5
8224,4
8225,5
8226,3
8227,4
8228,5
8229,5
8230,5
8231,5
8232,5
8233,5
8234,4
8235,5
8236,5
8237,5
8238,5
8239,5
8240,5
8241,3
8242,4
8243,4
8244,4
8245,5
8246,5
8247,5
8248,5
8249,5
8250,4
8251,5
8252,5
8253,3
8254,1
8255,1
8256,5
8257,4
8258,1
8259,4
8260,5
8261,5
8262,5
8263,5
8264,5
8265,5
8266,4
8267,1
8268,5
8269,4
8270,5
8271,4
8272,5
8273,5
8274,4
8275,3
8276,3
8277,5
8278,5
8279,5
8280,5
8281,5
8282,3
8283,4
8284,5
8285,3
8286,5
8287,5
8288,5
8289,4
8290,5
8291,5
8292,5
8293,4
8294,5
8295,4
8296,5
8297,4
8298,5
8299,5
8300,5
8301,5
8302,5
8303,4
8304,3
8305,5
8306,5
8307,4
8308,4
8309,4
8310,5
8311,3
8312,3
8313,3
8314,1
8315,3
8316,5
8317,5
8318,5
8319,4
8320,4
8321,5
8322,5
8323,5
8324,5
8325,5
8326,5
8327,5
8328,5
8329,5
8330,5
8331,5
8332,5
8333,5
8334,5
8335,1
8336,5
8337,5
8338,5
8339,3
8340,1
8341,5
8342,5
8343,1
8344,5
8345,4
8346,5
8347,4
8348,5
8349,4
8350,5
8351,5
8352,1
8353,5
8354,1
8355,1
8356,5
8357,5
8358,5
8359,3
8360,5
8361,5
8362,5
8363,5
8364,3
8365,5
8366,5
8367,5
8368,5
8369,5
8370,5
8371,3
8372,4
8373,5
8374,5
8375,5
8376,5
8377,5
8378,3
8379,5
8380,5
8381,1
8382,5
8383,5
8384,3
8385,5
8386,4
8387,5
8388,5
8389,5
8390,4
8391,5
8392,1
8393,2
8394,5
8395,5
8396,5
8397,5
8398,5
8399,5
8400,5
8401,5
8402,5
8403,4
8404,5
8405,5
8406,5
8407,1
8408,5
8409,5
8410,5
8411,5
8412,5
8413,5
8414,5
8415,3
8416,1
8417,5
8418,3
8419,5
8420,3
8421,3
8422,5
8423,5
8424,5
8425,5
8426,5
8427,5
8428,2
8429,4
8430,5
8431,5
8432,5
8433,4
8434,5
8435,3
8436,5
8437,4
8438,5
8439,1
8440,3
8441,1
8442,5
8443,1
8444,5
8445,5
8446,5
8447,1
8448,5
8449,5
8450,1
8451,5
8452,3
8453,5
8454,5
8455,5
8456,5
8457,5
8458,4
8459,5
8460,5
8461,1
8462,5
8463,5
8464,5
8465,5
8466,3
8467,5
8468,5
8469,4
8470,4
8471,1
8472,5
8473,5
8474,5
8475,2
8476,5
8477,5
8478,5
8479,5
8480,5
8481,5
8482,5
8483,5
8484,5
8485,5
8486,5
8487,5
8488,5
8489,5
8490,5
8491,5
8492,5
8493,4
8494,5
8495,4
8496,1
8497,5
8498,5
8499,5
8500,4
8501,3
8502,3
8503,3
8504,5
8505,3
8506,5
8507,5
8508,5
8509,5
8510,3
8511,5
8512,5
8513,1
8514,3
8515,5
8516,3
8517,5
8518,5
8519,5
8520,5
8521,5
8522,5
8523,4
8524,5
8525,5
8526,3
8527,5
8528,4
8529,4
8530,1
8531,5
8532,3
8533,5
8534,4
8535,5
8536,1
8537,5
8538,5
8539,3
8540,5
8541,5
8542,5
8543,5
8544,5
8545,5
8546,1
8547,5
8548,3
8549,5
8550,5
8551,5
8552,5
8553,3
8554,3
8555,3
8556,5
8557,5
8558,5
8559,3
8560,5
8561,3
8562,5
8563,5
8564,5
8565,5
8566,5
8567,5
8568,5
8569,5
8570,5
8571,4
8572,5
8573,5
8574,5
8575,5
8576,4
8577,5
8578,1
8579,5
8580,4
8581,4
8582,5
8583,4
8584,3
8585,3
8586,5
8587,5
8588,5
8589,5
8590,3
8591,5
8592,5
8593,4
8594,1
8595,4
8596,5
8597,4
8598,5
8599,4
8600,4
8601,5
8602,3
8603,5
8604,5
8605,4
8606,1
8607,5
8608,4
8609,5
8610,5
8611,5
8612,4
8613,4
8614,5
8615,4
8616,5
8617,5
8618,5
8619,5
8620,5
8621,5
8622,4
8623,3
8624,5
8625,5
8626,5
8627,5
8628,5
8629,5
8630,5
8631,5
8632,5
8633,5
8634,5
8635,5
8636,5
8637,5
8638,5
8639,5
8640,5
8641,4
8642,5
8643,3
8644,1
8645,5
8646,3
8647,5
8648,3
8649,5
8650,4
8651,3
8652,5
8653,5
8654,1
8655,5
8656,3
8657,1
8658,5
8659,5
8660,4
8661,5
8662,5
8663,1
8664,5
8665,5
8666,5
8667,4
8668,3
8669,4
8670,5
8671,1
8672,5
8673,5
8674,1
8675,5
8676,5
8677,5
8678,1
8679,5
8680,4
8681,4
8682,5
8683,3
8684,5
8685,5
8686,5
8687,5
8688,5
8689,5
8690,5
8691,5
8692,4
8693,4
8694,1
8695,3
8696,1
8697,4
8698,1
8699,5
8700,3
8701,5
8702,1
8703,5
8704,5
8705,5
8706,5
8707,1
8708,4
8709,2
8710,5
8711,5
8712,5
8713,5
8714,5
8715,5
8716,5
8717,4
8718,5
8719,1
8720,5
8721,5
8722,1
8723,5
8724,1
8725,3
8726,5
8727,5
8728,5
8729,5
8730,5
8731,5
8732,3
8733,4
8734,5
8735,5
8736,3
8737,1
8738,5
8739,5
8740,3
8741,5
8742,4
8743,5
8744,5
8745,5
8746,5
8747,5
8748,5
8749,5
8750,5
8751,3
8752,5
8753,5
8754,5
8755,4
8756,5
8757,5
8758,5
8759,4
8760,5
8761,3
8762,5
8763,5
8764,4
8765,5
8766,5
8767,5
8768,4
8769,3
8770,5
8771,5
8772,5
8773,5
8774,5
8775,5
8776,5
8777,3
8778,5
8779,5
8780,5
8781,5
8782,4
8783,5
8784,3
8785,1
8786,5
8787,5
8788,5
8789,1
8790,5
8791,5
8792,4
8793,3
8794,5
8795,5
8796,5
8797,5
8798,1
8799,3
8800,5
8801,5
8802,4
8803,5
8804,4
8805,5
8806,3
8807,5
8808,4
8809,5
8810,5
8811,5
8812,4
8813,5
8814,5
8815,4
8816,5
8817,5
8818,4
8819,5
8820,4
8821,5
8822,5
8823,3
8824,5
8825,5
8826,4
8827,5
8828,5
8829,3
8830,4
8831,5
8832,5
8833,5
8834,5
8835,2
8836,4
8837,2
8838,1
8839,4
8840,5
8841,5
8842,4
8843,5
8844,5
8845,4
8846,5
8847,5
8848,5
8849,1
8850,5
8851,5
8852,5
8853,3
8854,5
8855,5
8856,5
8857,5
8858,5
8859,5
8860,4
8861,5
8862,4
8863,5
8864,5
8865,5
8866,5
8867,5
8868,5
8869,5
8870,5
8871,1
8872,4
8873,3
8874,5
8875,5
8876,5
8877,5
8878,5
8879,2
8880,5
8881,5
8882,5
8883,5
8884,5
8885,5
8886,5
8887,5
8888,5
8889,5
8890,5
8891,5
8892,5
8893,5
8894,4
8895,4
8896,5
8897,4
8898,5
8899,5
8900,4
8901,5
8902,4
8903,5
8904,5
8905,5
8906,3
8907,5
8908,4
8909,5
8910,5
8911,5
8912,5
8913,1
8914,5
8915,5
8916,4
8917,5
8918,5
8919,4
8920,5
8921,5
8922,4
8923,5
8924,5
8925,5
8926,5
8927,5
8928,5
8929,5
8930,3
8931,1
8932,5
8933,5
8934,5
8935,3
8936,5
8937,5
8938,3
8939,3
8940,5
8941,1
8942,4
8943,4
8944,5
8945,5
8946,5
8947,5
8948,5
8949,5
8950,5
8951,5
8952,5
8953,5
8954,5
8955,5
8956,5
8957,4
8958,5
8959,5
8960,5
8961,5
8962,4
8963,3
8964,5
8965,4
8966,5
8967,5
8968,5
8969,4
8970,5
8971,1
8972,4
8973,3
8974,5
8975,5
8976,5
8977,1
8978,5
8979,4
8980,5
8981,5
8982,5
8983,5
8984,5
8985,5
8986,4
8987,5
8988,4
8989,1
8990,5
8991,5
8992,4
8993,4
8994,4
8995,5
8996,3
8997,1
8998,4
8999,5
9000,4
9001,4
9002,4
9003,5
9004,5
9005,5
9006,4
9007,5
9008,4
9009,4
9010,5
9011,5
9012,5
9013,5
9014,1
9015,5
9016,5
9017,5
9018,5
9019,5
9020,5
9021,5
9022,2
9023,4
9024,5
9025,1
9026,1
9027,5
9028,5
9029,5
9030,5
9031,5
9032,4
9033,5
9034,1
9035,5
9036,4
9037,5
9038,5
9039,5
9040,5
9041,5
9042,3
9043,5
9044,4
9045,5
9046,5
9047,5
9048,5
9049,4
9050,5
9051,5
9052,3
9053,5
9054,5
9055,1
9056,5
9057,5
9058,5
9059,5
9060,5
9061,4
9062,5
9063,1
9064,4
9065,5
9066,4
9067,5
9068,5
9069,4
9070,5
9071,5
9072,5
9073,5
9074,5
9075,4
9076,5
9077,3
9078,5
9079,5
9080,5
9081,5
9082,4
9083,5
9084,1
9085,3
9086,5
9087,5
9088,5
9089,4
9090,5
9091,5
9092,5
9093,4
9094,4
9095,4
9096,4
9097,3
9098,5
9099,5
9100,1
9101,5
9102,5
9103,5
9104,5
9105,5
9106,5
9107,4
9108,5
9109,5
9110,5
9111,5
9112,1
9113,1
9114,4
9115,5
9116,5
9117,5
9118,3
9119,5
9120,5
9121,5
9122,5
9123,4
9124,5
9125,1
9126,5
9127,5
9128,5
9129,5
9130,3
9131,5
9132,4
9133,5
9134,5
9135,3
9136,1
9137,5
9138,5
9139,5
9140,5
9141,5
9142,5
9143,5
9144,5
9145,5
9146,5
9147,5
9148,5
9149,5
9150,5
9151,4
9152,3
9153,5
9154,3
9155,5
9156,5
9157,5
9158,5
9159,5
9160,5
9161,3
9162,5
9163,5
9164,1
9165,5
9166,5
9167,4
9168,5
9169,5
9170,3
9171,1
9172,4
9173,5
9174,5
9175,5
9176,1
9177,5
9178,4
9179,5
9180,3
9181,4
9182,3
9183,4
9184,3
9185,4
9186,5
9187,5
9188,3
9189,5
9190,5
9191,5
9192,5
9193,5
9194,5
9195,5
9196,5
9197,3
9198,4
9199,1
9200,3
9201,5
9202,5
9203,5
9204,5
9205,4
9206,1
9207,5
9208,5
9209,5
9210,1
9211,4
9212,5
9213,1
9214,5
9215,5
9216,5
9217,3
9218,5
9219,4
9220,3
9221,5
9222,5
9223,3
9224,5
9225,5
9226,4
9227,5
9228,5
9229,4
9230,5
9231,5
9232,1
9233,1
9234,5
9235,3
9236,5
9237,3
9238,4
9239,4
9240,5
9241,5
9242,5
9243,5
9244,3
9245,5
9246,4
9247,3
9248,5
9249,4
9250,5
9251,3
9252,5
9253,4
9254,5
9255,5
9256,5
9257,4
9258,5
9259,5
9260,4
9261,5
9262,5
9263,1
9264,1
9265,4
9266,3
9267,4
9268,5
9269,3
9270,5
9271,5
9272,5
9273,3
9274,5
9275,5
9276,5
9277,5
9278,4
9279,4
9280,3
9281,5
9282,4
9283,5
9284,5
9285,5
9286,4
9287,5
9288,4
9289,5
9290,5
9291,5
9292,1
9293,5
9294,4
9295,5
9296,5
9297,4
9298,3
9299,5
9300,5
9301,5
9302,5
9303,5
9304,5
9305,5
9306,5
9307,3
9308,3
9309,3
9310,5
9311,3
9312,5
9313,4
9314,1
9315,5
9316,5
9317,5
9318,4
9319,3
9320,5
9321,1
9322,4
9323,5
9324,5
9325,5
9326,4
9327,5
9328,5
9329,4
9330,5
9331,4
9332,5
9333,5
9334,5
9335,5
9336,5
9337,5
9338,5
9339,5
9340,5
9341,1
9342,5
9343,4
9344,5
9345,5
9346,5
9347,5
9348,5
9349,5
9350,5
9351,5
9352,5
9353,4
9354,5
9355,5
9356,5
9357,5
9358,5
9359,5
9360,5
9361,5
9362,5
9363,5
9364,3
9365,3
9366,5
9367,5
9368,5
9369,5
9370,3
9371,5
9372,5
9373,5
9374,5
9375,4
9376,5
9377,5
9378,5
9379,5
9380,5
9381,5
9382,5
9383,5
9384,5
9385,4
9386,5
9387,1
9388,5
9389,5
9390,4
9391,3
9392,5
9393,5
9394,5
9395,5
9396,5
9397,5
9398,5
9399,5
9400,5
9401,5
9402,4
9403,4
9404,4
9405,3
9406,5
9407,5
9408,5
9409,5
9410,5
9411,5
9412,5
9413,5
9414,5
9415,5
9416,1
9417,5
9418,1
9419,1
9420,5
9421,5
9422,5
9423,5
9424,5
9425,1
9426,5
9427,5
9428,5
9429,3
9430,5
9431,4
9432,5
9433,5
9434,5
9435,5
9436,5
9437,5
9438,5
9439,5
9440,1
9441,5
9442,5
9443,5
9444,5
9445,5
9446,5
9447,5
9448,5
9449,1
9450,5
9451,5
9452,5
9453,1
9454,5
9455,5
9456,1
9457,5
9458,5
9459,5
9460,5
9461,5
9462,5
9463,5
9464,5
9465,5
9466,5
9467,4
9468,5
9469,1
9470,5
9471,5
9472,1
9473,4
9474,5
9475,5
9476,5
9477,5
9478,4
9479,5
9480,5
9481,5
9482,4
9483,3
9484,5
9485,1
9486,1
9487,5
9488,3
9489,5
9490,3
9491,5
9492,5
9493,4
9494,5
9495,5
9496,4
9497,5
9498,5
9499,5
9500,4
9501,4
9502,5
9503,5
9504,5
9505,5
9506,5
9507,5
9508,5
9509,1
9510,5
9511,5
9512,5
9513,4
9514,5
9515,5
9516,1
9517,5
9518,5
9519,5
9520,3
9521,5
9522,1
9523,5
9524,4
9525,3
9526,5
9527,5
9528,5
9529,1
9530,4
9531,5
9532,5
9533,5
9534,5
9535,4
9536,5
9537,5
9538,3
9539,5
9540,5
9541,5
9542,5
9543,5
9544,5
9545,1
9546,4
9547,1
9548,5
9549,5
9550,5
9551,5
9552,3
9553,5
9554,3
9555,4
9556,5
9557,5
9558,5
9559,1
9560,5
9561,5
9562,5
9563,5
9564,5
9565,4
9566,3
9567,5
9568,5
9569,5
9570,5
9571,1
9572,4
9573,3
9574,5
9575,1
9576,5
9577,1
9578,5
9579,5
9580,4
9581,3
9582,5
9583,5
9584,5
9585,5
9586,1
9587,5
9588,5
9589,4
9590,4
9591,5
9592,5
9593,4
9594,5
9595,4
9596,5
9597,5
9598,1
9599,5
9600,5
9601,1
9602,3
9603,4
9604,3
9605,4
9606,5
9607,5
9608,5
9609,3
9610,5
9611,3
9612,4
9613,4
9614,4
9615,5
9616,1
9617,5
9618,4
9619,5
9620,5
9621,5
9622,5
9623,1
9624,5
9625,5
9626,3
9627,5
9628,5
9629,5
9630,5
9631,1
9632,5
9633,5
9634,3
9635,5
9636,5
9637,1
9638,5
9639,3
9640,2
9641,3
9642,5
9643,1
9644,5
9645,5
9646,5
9647,5
9648,5
9649,3
9650,4
9651,3
9652,5
9653,5
9654,5
9655,5
9656,5
9657,5
9658,4
9659,5
9660,5
9661,1
9662,5
9663,5
9664,5
9665,1
9666,5
9667,4
9668,4
9669,5
9670,5
9671,5
9672,3
9673,5
9674,4
9675,5
9676,5
9677,5
9678,5
9679,4
9680,5
9681,5
9682,2
9683,3
9684,4
9685,4
9686,5
9687,1
9688,5
9689,5
9690,5
9691,5
9692,5
9693,5
9694,5
9695,4
9696,5
9697,5
9698,1
9699,3
9700,5
9701,4
9702,5
9703,4
9704,5
9705,5
9706,5
9707,5
9708,1
9709,4
9710,5
9711,5
9712,5
9713,5
9714,5
9715,3
9716,5
9717,5
9718,5
9719,4
9720,5
9721,5
9722,5
9723,4
9724,4
9725,1
9726,5
9727,5
9728,5
9729,4
9730,5
9731,5
9732,4
9733,3
9734,1
9735,5
9736,5
9737,3
9738,1
9739,5
9740,1
9741,3
9742,5
9743,5
9744,5
9745,3
9746,3
9747,5
9748,3
9749,5
9750,5
9751,1
9752,5
9753,4
9754,5
9755,5
9756,5
9757,5
9758,5
9759,4
9760,5
9761,3
9762,3
9763,5
9764,3
9765,5
9766,4
9767,5
9768,1
9769,5
9770,5
9771,3
9772,1
9773,3
9774,5
9775,1
9776,4
9777,5
9778,5
9779,5
9780,5
9781,5
9782,1
9783,5
9784,1
9785,4
9786,5
9787,1
9788,5
9789,5
9790,4
9791,3
9792,5
9793,5
9794,5
9795,5
9796,3
9797,4
9798,3
9799,5
9800,4
9801,5
9802,5
9803,5
9804,3
9805,5
9806,1
9807,5
9808,5
9809,5
9810,5
9811,5
9812,3
9813,3
9814,1
9815,5
9816,5
9817,5
9818,5
9819,1
9820,5
9821,5
9822,5
9823,3
9824,5
9825,5
9826,4
9827,4
9828,5
9829,1
9830,5
9831,5
9832,5
9833,3
9834,5
9835,5
9836,5
9837,5
9838,5
9839,5
9840,5
9841,4
9842,5
9843,5
9844,4
9845,4
9846,1
9847,1
9848,3
9849,5
9850,1
9851,4
9852,5
9853,5
9854,5
9855,4
9856,5
9857,4
9858,1
9859,5
9860,4
9861,4
9862,4
9863,4
9864,5
9865,5
9866,1
9867,1
9868,5
9869,5
9870,5
9871,5
9872,5
9873,5
9874,5
9875,5
9876,5
9877,5
9878,2
9879,5
9880,4
9881,5
9882,1
9883,5
9884,4
9885,5
9886,5
9887,1
9888,5
9889,3
9890,5
9891,1
9892,5
9893,4
9894,3
9895,3
9896,5
9897,5
9898,5
9899,5
9900,5
9901,5
9902,5
9903,5
9904,5
9905,3
9906,5
9907,5
9908,5
9909,1
9910,5
9911,2
9912,3
9913,5
9914,5
9915,5
9916,5
9917,1
9918,5
9919,5
9920,5
9921,5
9922,1
9923,4
9924,5
9925,4
9926,3
9927,4
9928,5
9929,4
9930,5
9931,4
9932,3
9933,3
9934,1
9935,5
9936,4
9937,5
9938,5
9939,4
9940,5
9941,5
9942,1
9943,5
9944,4
9945,5
9946,4
9947,4
9948,5
9949,5
9950,5
9951,5
9952,5
9953,4
9954,5
9955,1
9956,5
9957,5
9958,5
9959,1
9960,5
9961,3
9962,1
9963,4
9964,5
9965,5
9966,5
9967,4
9968,5
9969,5
9970,5
9971,5
9972,5
9973,5
9974,5
9975,5
9976,5
9977,3
9978,5
9979,5
9980,5
9981,5
9982,4
9983,5
9984,4
9985,5
9986,5
9987,5
9988,5
9989,5
9990,5
9991,5
9992,5
9993,5
9994,4
9995,5
9996,4
9997,3
9998,1
9999,5
10000,5
10001,5
10002,5
10003,5
10004,4
10005,1
10006,3
10007,2
10008,5
10009,5
10010,5
10011,3
10012,5
10013,4
10014,5
10015,1
10016,4
10017,5
10018,5
10019,5
10020,4
10021,5
10022,4
10023,1
10024,5
10025,5
10026,1
10027,4
10028,1
10029,1
10030,5
10031,4
10032,5
10033,5
10034,5
10035,5
10036,5
10037,5
10038,3
10039,5
10040,5
10041,5
10042,5
10043,1
10044,3
10045,1
10046,5
10047,5
10048,3
10049,5
10050,5
10051,5
10052,4
10053,5
10054,5
10055,4
10056,5
10057,5
10058,4
10059,5
10060,5
10061,5
10062,5
10063,5
10064,4
10065,1
10066,4
10067,3
10068,3
10069,5
10070,5
10071,5
10072,5
10073,1
10074,5
10075,5
10076,1
10077,4
10078,4
10079,5
10080,5
10081,5
10082,1
10083,1
10084,3
10085,5
10086,5
10087,5
10088,5
10089,3
10090,5
10091,5
10092,5
10093,4
10094,5
10095,5
10096,5
10097,5
10098,5
10099,5
10100,5
10101,5
10102,5
10103,4
10104,1
10105,1
10106,5
10107,1
10108,1
10109,5
10110,3
10111,5
10112,5
10113,1
10114,5
10115,1
10116,4
10117,1
10118,5
10119,3
10120,5
10121,5
10122,1
10123,5
10124,5
10125,5
10126,5
10127,5
10128,5
10129,4
10130,5
10131,5
10132,5
10133,5
10134,5
10135,5
10136,5
10137,1
10138,5
10139,5
10140,5
10141,5
10142,5
10143,4
10144,5
10145,5
10146,5
10147,5
10148,5
10149,5
10150,5
10151,5
10152,5
10153,5
10154,3
10155,1
10156,3
10157,5
10158,3
10159,5
10160,5
10161,5
10162,5
10163,1
10164,5
10165,4
10166,5
10167,5
10168,5
10169,1
10170,5
10171,5
10172,5
10173,5
10174,5
10175,5
10176,5
10177,3
10178,5
10179,5
10180,4
10181,5
10182,1
10183,5
10184,3
10185,5
10186,4
10187,5
10188,5
10189,5
10190,5
10191,5
10192,4
10193,5
10194,5
10195,5
10196,5
10197,5
10198,1
10199,1
10200,3
10201,5
10202,4
10203,5
10204,5
10205,1
10206,1
10207,5
10208,5
10209,5
10210,1
10211,5
10212,4
10213,5
10214,5
10215,5
10216,5
10217,5
10218,5
10219,4
10220,3
10221,5
10222,5
10223,1
10224,5
10225,5
10226,3
10227,4
10228,5
10229,5
10230,1
10231,5
10232,5
10233,1
10234,5
10235,5
10236,5
10237,1
10238,4
10239,5
10240,3
10241,5
10242,5
10243,5
10244,1
10245,2
10246,5
10247,3
10248,5
10249,5
10250,3
10251,5
10252,4
10253,5
10254,4
10255,5
10256,4
10257,5
10258,4
10259,3
10260,1
10261,4
10262,5
10263,5
10264,4
10265,4
10266,5
10267,4
10268,5
10269,5
10270,5
10271,5
10272,5
10273,5
10274,5
10275,5
10276,4
10277,5
10278,5
10279,4
10280,1
10281,4
10282,1
10283,5
10284,5
10285,5
10286,4
10287,5
10288,5
10289,5
10290,5
10291,5
10292,1
10293,5
10294,5
10295,5
10296,5
10297,5
10298,3
10299,1
10300,4
10301,5
10302,5
10303,4
10304,5
10305,3
10306,4
10307,5
10308,4
10309,4
10310,5
10311,5
10312,5
10313,5
10314,4
10315,1
10316,5
10317,5
10318,4
10319,5
10320,4
10321,5
10322,5
10323,5
10324,5
10325,5
10326,4
10327,5
10328,5
10329,5
10330,3
10331,5
10332,4
10333,4
10334,5
10335,5
10336,3
10337,4
10338,5
10339,5
10340,5
10341,5
10342,5
10343,5
10344,4
10345,5
10346,5
10347,5
10348,5
10349,5
10350,5
10351,5
10352,5
10353,5
10354,5
10355,5
10356,1
10357,5
10358,4
10359,1
10360,5
10361,1
10362,1
10363,3
10364,5
10365,5
10366,5
10367,5
10368,5
10369,5
10370,4
10371,4
10372,5
10373,4
10374,5
10375,4
10376,5
10377,5
10378,5
10379,5
10380,5
10381,5
10382,4
10383,4
10384,5
10385,5
10386,5
10387,3
10388,5
10389,5
10390,4
10391,5
10392,5
10393,5
10394,5
10395,5
10396,5
10397,5
10398,5
10399,1
10400,5
10401,5
10402,3
10403,5
10404,5
10405,4
10406,5
10407,5
10408,5
10409,2
10410,5
10411,5
10412,5
10413,5
10414,1
10415,4
10416,5
10417,5
10418,4
10419,5
10420,5
10421,1
10422,5
10423,3
10424,5
10425,5
10426,1
10427,5
10428,2
10429,5
10430,5
10431,5
10432,5
10433,5
10434,5
10435,4
10436,5
10437,5
10438,4
10439,5
10440,5
10441,5
10442,5
10443,5
10444,5
10445,5
10446,5
10447,5
10448,2
10449,5
10450,1
10451,4
10452,4
10453,3
10454,5
10455,4
10456,5
10457,5
10458,5
10459,4
10460,5
10461,5
10462,4
10463,2
10464,5
10465,3
10466,5
10467,5
10468,3
10469,4
10470,5
10471,4
10472,4
10473,5
10474,5
10475,5
10476,5
10477,5
10478,5
10479,5
10480,5
10481,5
10482,5
10483,5
10484,3
10485,5
10486,5
10487,5
10488,5
10489,5
10490,4
10491,5
10492,5
10493,4
10494,5
10495,5
10496,5
10497,5
10498,5
10499,4
10500,5
10501,1
10502,1
10503,5
10504,5
10505,3
10506,3
10507,5
10508,5
10509,1
10510,1
10511,4
10512,5
10513,5
10514,5
10515,5
10516,5
10517,5
10518,5
10519,5
10520,4
10521,5
10522,5
10523,4
10524,5
10525,5
10526,3
10527,1
10528,5
10529,1
10530,5
10531,3
10532,5
10533,1
10534,5
10535,5
10536,1
10537,4
10538,5
10539,5
10540,1
10541,5
10542,5
10543,5
10544,3
10545,3
10546,4
10547,5
10548,5
10549,5
10550,5
10551,5
10552,3
10553,3
10554,5
10555,5
10556,4
10557,5
10558,5
10559,5
10560,3
10561,5
10562,4
10563,1
10564,1
10565,2
10566,5
10567,5
10568,5
10569,4
10570,5
10571,1
10572,5
10573,3
10574,1
10575,5
10576,3
10577,5
10578,4
10579,5
10580,5
10581,4
10582,5
10583,4
10584,5
10585,4
10586,5
10587,5
10588,5
10589,1
10590,5
10591,4
10592,5
10593,5
10594,4
10595,5
10596,4
10597,5
10598,5
10599,5
10600,5
10601,5
10602,5
10603,5
10604,5
10605,5
10606,5
10607,5
10608,4
10609,5
10610,3
10611,4
10612,2
10613,5
10614,5
10615,4
10616,5
10617,4
10618,5
10619,3
10620,1
10621,5
10622,5
10623,5
10624,4
10625,4
10626,5
10627,4
10628,5
10629,5
10630,5
10631,5
10632,5
10633,4
10634,3
10635,4
10636,4
10637,5
10638,4
10639,5
10640,5
10641,5
10642,5
10643,5
10644,4
10645,5
10646,5
10647,5
10648,5
10649,5
10650,5
10651,5
10652,5
10653,4
10654,5
10655,4
10656,2
10657,3
10658,3
10659,1
10660,4
10661,5
10662,5
10663,3
10664,1
10665,5
10666,5
10667,5
10668,1
10669,3
10670,5
10671,5
10672,1
10673,5
10674,5
10675,5
10676,4
10677,5
10678,3
10679,5
10680,5
10681,3
10682,4
10683,5
10684,5
10685,5
10686,5
10687,5
10688,5
10689,5
10690,3
10691,5
10692,4
10693,5
10694,5
10695,5
10696,4
10697,3
10698,5
10699,5
10700,5
10701,4
10702,5
10703,5
10704,5
10705,5
10706,5
10707,5
10708,5
10709,4
10710,5
10711,4
10712,5
10713,4
10714,3
10715,4
10716,5
10717,5
10718,5
10719,5
10720,3
10721,5
10722,5
10723,3
10724,1
10725,5
10726,5
10727,5
10728,3
10729,5
10730,5
10731,5
10732,5
10733,5
10734,3
10735,5
10736,5
10737,3
10738,5
10739,5
10740,5
10741,4
10742,1
10743,1
10744,3
10745,4
10746,5
10747,5
10748,4
10749,4
10750,5
10751,5
10752,5
10753,5
10754,5
10755,4
10756,5
10757,4
10758,5
10759,5
10760,3
10761,3
10762,5
10763,5
10764,4
10765,5
10766,5
10767,5
10768,3
10769,5
10770,4
10771,5
10772,5
10773,5
10774,5
10775,5
10776,3
10777,5
10778,3
10779,5
10780,5
10781,5
10782,1
10783,5
10784,5
10785,4
10786,5
10787,5
10788,5
10789,3
10790,5
10791,5
10792,5
10793,5
10794,4
10795,5
10796,5
10797,4
10798,5
10799,5
10800,5
10801,5
10802,5
10803,5
10804,5
10805,4
10806,3
10807,2
10808,5
10809,1
10810,4
10811,5
10812,5
10813,5
10814,4
10815,5
10816,3
10817,5
10818,5
10819,5
10820,1
10821,2
10822,5
10823,5
10824,5
10825,4
10826,3
10827,5
10828,3
10829,4
10830,5
10831,5
10832,3
10833,4
10834,5
10835,5
10836,5
10837,5
10838,1
10839,5
10840,1
10841,5
10842,5
10843,5
10844,3
10845,3
10846,5
10847,5
10848,4
10849,1
10850,5
10851,5
10852,5
10853,5
10854,4
10855,5
10856,5
10857,5
10858,5
10859,5
10860,1
10861,5
10862,5
10863,5
10864,5
10865,5
10866,5
10867,5
10868,5
10869,5
10870,4
10871,3
10872,5
10873,5
10874,5
10875,5
10876,4
10877,5
10878,5
10879,5
10880,3
10881,3
10882,5
10883,1
10884,5
10885,5
10886,4
10887,5
10888,4
10889,5
10890,4
10891,5
10892,1
10893,5
10894,1
10895,5
10896,5
10897,5
10898,2
10899,3
10900,5
10901,5
10902,5
10903,5
10904,5
10905,5
10906,5
10907,3
10908,3
10909,3
10910,5
10911,5
10912,5
10913,1
10914,4
10915,5
10916,5
10917,5
10918,5
10919,5
10920,5
10921,3
10922,5
10923,5
10924,5
10925,5
10926,4
10927,5
10928,5
10929,5
10930,3
10931,5
10932,5
10933,5
10934,5
10935,5
10936,3
10937,5
10938,3
10939,1
10940,3
10941,4
10942,1
10943,4
10944,5
10945,5
10946,4
10947,5
10948,5
10949,5
10950,5
10951,5
10952,5
10953,5
10954,5
10955,5
10956,5
10957,1
10958,5
10959,5
10960,5
10961,5
10962,5
10963,5
10964,5
10965,4
10966,5
10967,5
10968,5
10969,5
10970,5
10971,3
10972,5
10973,5
10974,5
10975,5
10976,5
10977,4
10978,5
10979,5
10980,4
10981,4
10982,5
10983,5
10984,1
10985,1
10986,1
10987,5
10988,5
10989,5
10990,5
10991,4
10992,5
10993,3
10994,4
10995,5
10996,5
10997,5
10998,3
10999,5
11000,5
11001,5
11002,5
11003,5
11004,5
11005,5
11006,5
11007,5
11008,5
11009,5
11010,5
11011,1
11012,5
11013,5
11014,1
11015,5
11016,3
11017,1
11018,5
11019,4
11020,5
11021,1
11022,4
11023,5
11024,5
11025,5
11026,3
11027,5
11028,5
11029,5
11030,4
11031,5
11032,5
11033,3
11034,4
11035,5
11036,3
11037,5
11038,1
11039,4
11040,5
11041,5
11042,4
11043,5
11044,4
11045,1
11046,4
11047,1
11048,5
11049,5
11050,4
11051,5
11052,5
11053,3
11054,5
11055,4
11056,3
11057,3
11058,5
11059,4
11060,1
11061,3
11062,5
11063,4
11064,5
11065,5
11066,5
11067,5
11068,5
11069,3
11070,1
11071,1
11072,5
11073,5
11074,5
11075,1
11076,5
11077,4
11078,5
11079,4
11080,5
11081,4
11082,5
11083,5
11084,4
11085,4
11086,5
11087,5
11088,5
11089,5
11090,5
11091,5
11092,5
11093,5
11094,5
11095,5
11096,4
11097,3
11098,5
11099,5
11100,1
11101,4
11102,3
11103,5
11104,5
11105,4
11106,1
11107,5
11108,5
11109,5
11110,5
11111,5
11112,5
11113,5
11114,5
11115,5
11116,1
11117,5
11118,4
11119,4
11120,5
11121,5
11122,5
11123,5
11124,5
11125,5
11126,4
11127,5
11128,3
11129,3
11130,1
11131,3
11132,1
11133,3
11134,5
11135,5
11136,5
11137,5
11138,5
11139,5
11140,5
11141,1
11142,5
11143,5
11144,1
11145,5
11146,5
11147,3
11148,5
11149,5
11150,5
11151,3
11152,4
11153,5
11154,4
11155,4
11156,5
11157,5
11158,1
11159,4
11160,5
11161,1
11162,3
11163,5
11164,5
11165,5
11166,5
11167,5
11168,5
11169,5
11170,5
11171,3
11172,4
11173,5
11174,4
11175,5
11176,5
11177,4
11178,5
11179,5
11180,3
11181,4
11182,5
11183,5
11184,1
11185,5
11186,3
11187,5
11188,3
11189,5
11190,5
11191,5
11192,5
11193,5
11194,4
11195,5
11196,5
11197,5
11198,5
11199,5
11200,5
11201,5
11202,5
11203,5
11204,5
11205,4
11206,5
11207,5
11208,4
11209,5
11210,4
11211,5
11212,5
11213,3
11214,3
11215,5
11216,4
11217,5
11218,5
11219,1
11220,1
11221,4
11222,3
11223,5
11224,1
11225,4
11226,4
11227,5
11228,5
11229,4
11230,5
11231,5
11232,1
11233,5
11234,5
11235,4
11236,5
11237,5
11238,1
11239,5
11240,5
11241,3
11242,5
11243,1
11244,4
11245,5
11246,5
11247,1
11248,5
11249,5
11250,1
11251,5
11252,5
11253,5
11254,5
11255,5
11256,5
11257,5
11258,1
11259,5
11260,5
11261,3
11262,4
11263,5
11264,5
11265,4
11266,3
11267,5
11268,5
11269,5
11270,5
11271,5
11272,4
11273,1
11274,3
11275,1
11276,5
11277,5
11278,5
11279,5
11280,4
11281,5
11282,5
11283,5
11284,1
11285,5
11286,5
11287,5
11288,5
11289,5
11290,4
11291,4
11292,4
11293,4
11294,5
11295,3
11296,4
11297,5
11298,5
11299,5
11300,5
11301,5
11302,4
11303,5
11304,5
11305,5
11306,3
11307,5
11308,5
11309,3
11310,3
11311,5
11312,5
11313,5
11314,5
11315,5
11316,5
11317,3
11318,4
11319,5
11320,5
11321,5
11322,5
11323,5
11324,1
11325,5
11326,5
11327,5
11328,5
11329,5
11330,5
11331,5
11332,5
11333,4
11334,3
11335,5
11336,5
11337,5
11338,3
11339,3
11340,4
11341,5
11342,5
11343,5
11344,5
11345,5
11346,5
11347,5
11348,4
11349,5
11350,5
11351,5
11352,5
11353,1
11354,5
11355,5
11356,4
11357,5
11358,1
11359,4
11360,5
11361,5
11362,5
11363,4
11364,5
11365,4
11366,5
11367,5
11368,4
11369,1
11370,5
11371,3
11372,5
11373,1
11374,5
11375,5
11376,5
11377,5
11378,3
11379,5
11380,5
11381,5
11382,3
11383,5
11384,4
11385,5
11386,4
11387,5
11388,5
11389,1
11390,4
11391,4
11392,3
11393,3
11394,3
11395,5
11396,5
11397,5
11398,5
11399,5
11400,4
11401,5
11402,4
11403,5
11404,4
11405,5
11406,4
11407,4
11408,5
11409,5
11410,5
11411,5
11412,1
11413,2
11414,5
11415,4
11416,5
11417,1
11418,1
11419,1
11420,5
11421,5
11422,3
11423,5
11424,5
11425,4
11426,5
11427,4
11428,5
11429,3
11430,5
11431,5
11432,5
11433,4
11434,5
11435,5
11436,5
11437,5
11438,5
11439,4
11440,1
11441,2
11442,5
11443,5
11444,1
11445,4
11446,5
11447,5
11448,3
11449,1
11450,5
11451,5
11452,1
11453,5
11454,3
11455,3
11456,5
11457,4
11458,5
11459,3
11460,1
11461,5
11462,5
11463,5
11464,3
11465,5
11466,5
11467,5
11468,4
11469,4
11470,4
11471,5
11472,4
11473,5
11474,5
11475,5
11476,5
11477,4
11478,3
11479,5
11480,5
11481,5
11482,1
11483,3
11484,5
11485,5
11486,3
11487,5
11488,3
11489,4
11490,5
11491,5
11492,4
11493,5
11494,5
11495,2
11496,5
11497,5
11498,5
11499,5
11500,5
11501,5
11502,5
11503,5
11504,3
11505,1
11506,5
11507,1
11508,5
11509,5
11510,1
11511,5
11512,5
11513,1
11514,5
11515,5
11516,4
11517,5
11518,4
11519,3
11520,5
11521,5
11522,5
11523,1
11524,5
11525,5
11526,5
11527,5
11528,5
11529,5
11530,5
11531,5
11532,4
11533,4
11534,5
11535,4
11536,5
11537,4
11538,4
11539,5
11540,4
11541,4
11542,3
11543,5
11544,3
11545,5
11546,5
11547,5
11548,5
11549,3
11550,5
11551,5
11552,5
11553,5
11554,2
11555,5
11556,5
11557,5
11558,5
11559,3
11560,5
11561,4
11562,1
11563,4
11564,5
11565,5
11566,5
11567,5
11568,4
11569,5
11570,5
11571,5
11572,5
11573,5
11574,5
11575,5
11576,5
11577,5
11578,5
11579,4
11580,5
11581,4
11582,1
11583,5
11584,5
11585,5
11586,3
11587,5
11588,4
11589,5
11590,1
11591,5
11592,5
11593,3
11594,5
11595,4
11596,4
11597,5
11598,5
11599,5
11600,5
11601,5
11602,3
11603,5
11604,4
11605,5
11606,5
11607,5
11608,5
11609,4
11610,5
11611,5
11612,4
11613,5
11614,4
11615,5
11616,5
11617,5
11618,2
11619,5
11620,5
11621,3
11622,5
11623,5
11624,3
11625,1
11626,4
11627,4
11628,5
11629,3
11630,5
11631,5
11632,5
11633,5
11634,5
11635,5
11636,5
11637,3
11638,5
11639,5
11640,5
11641,5
11642,1
11643,3
11644,5
11645,5
11646,4
11647,4
11648,3
11649,5
11650,5
11651,5
11652,3
11653,5
11654,5
11655,5
11656,5
11657,5
11658,3
11659,5
11660,5
11661,3
11662,4
11663,4
11664,5
11665,4
11666,5
11667,4
11668,5
11669,5
11670,5
11671,5
11672,3
11673,3
11674,5
11675,3
11676,5
11677,5
11678,5
11679,5
11680,5
11681,5
11682,4
11683,5
11684,1
11685,5
11686,4
11687,5
11688,5
11689,5
11690,4
11691,5
11692,5
11693,4
11694,5
11695,5
11696,5
11697,5
11698,5
11699,3
11700,5
11701,4
11702,4
11703,1
11704,3
11705,4
11706,5
11707,5
11708,5
11709,5
11710,5
11711,4
11712,3
11713,5
11714,3
11715,4
11716,5
11717,5
11718,5
11719,5
11720,5
11721,3
11722,5
11723,5
11724,5
11725,5
11726,1
11727,5
11728,5
11729,5
11730,5
11731,3
11732,4
11733,5
11734,5
11735,3
11736,4
11737,5
11738,5
11739,5
11740,5
11741,5
11742,5
11743,4
11744,5
11745,5
11746,5
11747,5
11748,5
11749,5
11750,4
11751,5
11752,5
11753,3
11754,5
11755,4
11756,4
11757,5
11758,5
11759,5
11760,5
11761,1
11762,5
11763,4
11764,3
11765,4
11766,4
11767,5
11768,5
11769,4
11770,4
11771,1
11772,3
11773,5
11774,1
11775,3
11776,4
11777,5
11778,5
11779,5
11780,5
11781,3
11782,5
11783,5
11784,4
11785,4
11786,5
11787,4
11788,5
11789,5
11790,5
11791,3
11792,4
11793,5
11794,5
11795,3
11796,5
11797,5
11798,5
11799,5
11800,5
11801,4
11802,5
11803,4
11804,5
11805,5
11806,5
11807,1
11808,5
11809,5
11810,5
11811,5
11812,5
11813,4
11814,5
11815,1
11816,1
11817,5
11818,5
11819,5
11820,5
11821,5
11822,5
11823,5
11824,3
11825,5
11826,3
11827,5
11828,4
11829,5
11830,5
11831,5
11832,5
11833,5
11834,5
11835,5
11836,4
11837,5
11838,5
11839,3
11840,3
11841,5
11842,5
11843,5
11844,5
11845,5
11846,5
11847,1
11848,5
11849,5
11850,4
11851,1
11852,5
11853,5
11854,5
11855,4
11856,3
11857,5
11858,5
11859,4
11860,5
11861,5
11862,5
11863,5
11864,5
11865,3
11866,5
11867,4
11868,5
11869,5
11870,1
11871,5
11872,4
11873,3
11874,3
11875,5
11876,5
11877,5
11878,5
11879,5
11880,5
11881,5
11882,5
11883,5
11884,3
11885,5
11886,5
11887,5
11888,4
11889,3
11890,3
11891,1
11892,5
11893,1
11894,5
11895,5
11896,5
11897,5
11898,5
11899,5
11900,5
11901,5
11902,5
11903,5
11904,5
11905,1
11906,1
11907,5
11908,5
11909,5
11910,5
11911,5
11912,5
11913,5
11914,5
11915,5
11916,5
11917,1
11918,4
11919,5
11920,4
11921,5
11922,5
11923,4
11924,4
11925,4
11926,5
11927,5
11928,5
11929,5
11930,5
11931,5
11932,4
11933,4
11934,5
11935,5
11936,5
11937,3
11938,4
11939,5
11940,5
11941,5
11942,3
11943,5
11944,5
11945,5
11946,4
11947,4
11948,4
11949,5
11950,1
11951,5
11952,4
11953,4
11954,5
11955,5
11956,5
11957,5
11958,3
11959,5
11960,3
11961,5
11962,4
11963,3
11964,5
11965,5
11966,4
11967,5
11968,5
11969,4
11970,5
11971,5
11972,5
11973,5
11974,3
11975,5
11976,5
11977,5
11978,5
11979,5
11980,5
11981,4
11982,1
11983,5
11984,4
11985,5
11986,5
11987,4
11988,5
11989,2
11990,5
11991,5
11992,5
11993,5
11994,5
11995,5
11996,5
11997,5
11998,3
11999,5
12000,1
12001,5
12002,3
12003,5
12004,3
12005,2
12006,5
12007,3
12008,1
12009,5
12010,5
12011,1
12012,1
12013,2
12014,5
12015,5
12016,3
12017,5
12018,5
12019,5
12020,5
12021,5
12022,5
12023,4
12024,5
12025,1
12026,5
12027,4
12028,5
12029,1
12030,4
12031,5
12032,4
12033,3
12034,5
12035,4
12036,4
12037,5
12038,4
12039,5
12040,5
12041,1
12042,4
12043,5
12044,5
12045,5
12046,5
12047,5
12048,3
12049,5
12050,3
12051,5
12052,5
12053,5
12054,5
12055,5
12056,1
12057,5
12058,2
12059,5
12060,1
12061,5
12062,4
12063,5
12064,5
12065,3
12066,3
12067,5
12068,3
12069,4
12070,5
12071,5
12072,3
12073,5
12074,5
12075,1
12076,5
12077,5
12078,5
12079,5
12080,3
12081,5
12082,5
12083,4
12084,5
12085,1
12086,3
12087,5
12088,5
12089,5
12090,5
12091,5
12092,5
12093,5
12094,5
12095,5
12096,3
12097,5
12098,5
12099,3
12100,5
12101,5
12102,5
12103,5
12104,5
12105,4
12106,5
12107,5
12108,5
12109,1
12110,5
12111,5
12112,5
12113,5
12114,3
12115,5
12116,5
12117,5
12118,5
12119,5
12120,3
12121,5
12122,5
12123,5
12124,5
12125,5
12126,2
12127,1
12128,4
12129,5
12130,5
12131,5
12132,3
12133,5
12134,1
12135,5
12136,1
12137,1
12138,5
12139,1
12140,3
12141,5
12142,1
12143,5
12144,3
12145,3
12146,5
12147,5
12148,5
12149,4
12150,5
12151,5
12152,4
12153,5
12154,5
12155,5
12156,5
12157,3
12158,1
12159,5
12160,5
12161,5
12162,5
12163,5
12164,5
12165,5
12166,4
